Report ID,Report Version,Reporting Entity,Report Type,Report Month,Report Year,Report Submission Date,VIN,VIN Decoded,Serial Number,Make,Make - Unknown,Model,Model - Unknown,Model Year,Model Year - Unknown,Same Vehicle ID,Driver / Operator Type,Automation Feature Version,Automation Feature Version CBI,Automation System Engaged?,Engagement Status,Operating Entity,Operating Entity - Unknown,Source - Complaint/Claim,Source - Telematics,Source - Law Enforcement,Source - Field Report,Source - Testing,Source - Media,Source - Internal Process Review,Source - NHTSA VOQ,Source - Other - See Narrative,Source - Other Entity,Source - State or Other Agency,Incident Date,Incident Date - Unknown,Incident Time (24:00),Incident Time - Unknown,Same Incident ID,Latitude,Latitude - Unknown,Longitude,Longitude - Unknown,Address,Address - Unknown,City,City - Unknown,State,Zip Code,Zip Code - Unknown,Roadway Type,Roadway-Degraded Surface,Roadway-Missing/Degraded Marking,Roadway-No Unusual Conditions,Roadway-Other-See Narrative,Roadway-Traffic Incident,Roadway-Unknown,Roadway-Wet Surface Condition,Roadway-Work Zone,Weather - Clear,Weather - Snow,Weather - Cloudy,Weather - Partly Cloudy,Weather - Fog/Smoke/Haze,Weather - Rain,Weather - Severe Wind,Weather - Dust Storm,Weather - Severe Hurricane,Weather - Structure-Indoor,Weather - Unk - See Narrative,Crash With,Highest Injury Severity Alleged,CP Pre-Crash Movement,CP Contact Area - Rear Left,CP Contact Area - Left,CP Contact Area - Front Left,CP Contact Area - Rear,CP Contact Area - Top,CP Contact Area - Front,CP Contact Area - Rear Right,CP Contact Area - Right,CP Contact Area - Front Right,CP Contact Area - Bottom,CP Contact Area - Unknown,SV Pre-Crash Movement,Any Air Bags Deployed?,Was Any Vehicle Towed?,Were All Passengers Belted?,SV Precrash Speed (MPH),SV Pre-crash Speed - Unknown,SV Contact Area - Rear Left,SV Contact Area - Left,SV Contact Area - Front Left,SV Contact Area - Rear,SV Contact Area - Top,SV Contact Area - Front,SV Contact Area - Rear Right,SV Contact Area - Right,SV Contact Area - Front Right,SV Contact Area - Bottom,SV Contact Area - Unknown,Data Availability - EDR,Data Availability - Police Rpt,Data Availability - Telematics,Data Availability - Complaints,Data Availability - Video,Data Availability - Other,Data Availability - No Data,Data Availability - Unknown,Investigating Agency,Investigating Agency - Unknown,Within ODD?,Within ODD? - CBI,Narrative,Narrative - CBI?,hub_delta_v_less_than_1mph,hub_zip_code,hub_location,hub_crash_type,hub_is_police_reported,hub_is_any_injury_reported,data_period
30270-11146,1,Waymo LLC,5-Day,,,JUN-2025,SADHW2S19R1,Y,,JAGUAR, ,I-PACE, ,2024, ,8f344f838cfd700,,"5th Generation ADS, Version 10", ,ADS,Verified Engaged,Waymo LLC, , ,Y, , , , , , , , , ,JUN-2025, ,13:28, ,45b0caba122b97f,[MAY CONTAIN PERSONALLY IDENTIFIABLE INFORMATION], ,[MAY CONTAIN PERSONALLY IDENTIFIABLE INFORMATION], ,, ,Austin, ,TX,, ,Street, , ,Y, , , , , , , , ,Y, , , , , , , ,"Other, see Narrative",Property Damage. No Injured Reported,"Other, see Narrative", , , , , , , , , , ,Y,Proceeding Straight,"No Subject Vehicle, No Crash Partner","Yes Subject Vehicle, No Crash Partner",Subject Vehicle - No Passenger In Vehicle,31, , , , , , ,Y, , , ,Y, , , ,Y, ,Y, , , ,, ,Yes, ,"On June [XXX], 2025 at 1:28 PM CT a Waymo Autonomous Vehicle (""Waymo AV"") operating in Austin, Texas was in a collision involving debris on [XXX] near [XXX]. 
The Waymo AV was traveling southeastbound on [XXX] in the right lane when the vehicle traveling ahead of the Waymo AV made contact with a stationary piece of debris that was in the roadway. The Waymo AV then made contact with the debris as it was moving across the roadway. At the time of the impact, the Waymo AV's Level 4 ADS was engaged in autonomous mode. The Waymo AV sustained damage.
Waymo is reporting this crash under Request No. 1 of Standing General Order 2021-01 because a vehicle involved was towed away. Waymo may supplement or correct its reporting with additional information as it may become available.", ,True, ,AUSTIN,All Others,False,False,post_june16
30270-11160,1,Waymo LLC,Monthly,6.0,2025.0,JUL-2025,SADHW2S13R1,Y,,JAGUAR, ,I-PACE, ,2024, ,e85214d27e4fea9,,"5th Generation ADS, Version 10", ,ADS,Verified Engaged,Waymo LLC, , ,Y, , , , , , , , , ,JUN-2025, ,23:46, ,3e4bdc3fd6cfce4,[MAY CONTAIN PERSONALLY IDENTIFIABLE INFORMATION], ,[MAY CONTAIN PERSONALLY IDENTIFIABLE INFORMATION], ,, ,Phoenix, ,AZ,, ,Intersection, , ,Y, , , , , ,Y, , , , , , , , , , ,Passenger Car,Property Damage. No Injured Reported,Proceeding Straight, , , , , , , , ,Y, , ,Stopped,"No Subject Vehicle, No Crash Partner","No Subject Vehicle, No Crash Partner",Subject Vehicle - No Passenger In Vehicle,0, , , , , , , ,Y, , , , , , ,Y, ,Y, , , ,Phoenix Police Department, ,Yes, ,"On June [XXX], 2025 at 11:46 PM MT a Waymo Autonomous Vehicle (""Waymo AV"") operating in Phoenix, Arizona was in a collision involving a passenger car on [XXX] at [XXX]. 
The Waymo AV was traveling southbound on [XXX] and came to a stop for a red light at the intersection with [XXX]. A passenger car traveling southbound on [XXX] approached the Waymo AV from behind and the front of the passenger car made contact with the rear of the stationary Waymo AV. At the time of the impact, the Waymo AV's Level 4 ADS was engaged in autonomous mode. Both vehicles sustained damage.
Waymo is reporting this crash under Request No. 2 of Standing General Order 2021-01. Waymo may supplement or correct its reporting with additional information as it may become available.", ,False, ,PHOENIX,V2V F2R,True,False,post_june16
30270-11161,1,Waymo LLC,Monthly,6.0,2025.0,JUL-2025,SADHW2S11M1,Y,,JAGUAR, ,I-PACE, ,2021, ,f74b36a5b393b98,,"5th Generation ADS, Version 10", ,ADS,Verified Engaged,Waymo LLC, , ,Y, , , , , , , , , ,JUN-2025, ,05:04, ,aa0c42b0656126e,[MAY CONTAIN PERSONALLY IDENTIFIABLE INFORMATION], ,[MAY CONTAIN PERSONALLY IDENTIFIABLE INFORMATION], ,, ,Tempe, ,AZ,, ,Parking Lot, , ,Y, , , , , ,Y, , , , , , , , , , ,"Other, see Narrative",Property Damage. No Injured Reported,"Other, see Narrative", , , , , , , , , , ,Y,Backing,"No Subject Vehicle, No Crash Partner","No Subject Vehicle, No Crash Partner",Subject Vehicle - All Belted,2, , , , , , ,Y, , , , , , , ,Y, ,Y, , , ,, ,Yes, ,"On June[XXX], 2025 at 5:04 AM MT a Waymo Autonomous Vehicle (""Waymo AV"") operating in Tempe, Arizona was in a collision involving a trailer hitch attached to a trailer in a parking lot at [XXX]. 
The Waymo AV was traveling southbound in the parking lot of [XXX] and came to a stop to complete a multi-point turn. A trailer was parked in a parking stall located on the driver side of the Waymo AV. As the Waymo AV initiated its multi-point maneuver, it reversed northbound and the front driver side of the Waymo AV made contact with the hitch of the trailer. At the time of the impact, the Waymo AV's Level 4 ADS was engaged in autonomous mode. The Waymo AV sustained damage.
Waymo is reporting this crash under Request No. 2 of Standing General Order 2021-01. Waymo may supplement or correct its reporting with additional information as it may become available.", ,True,85004,PHOENIX,V2V Backing,False,False,post_june16
30270-11167,1,Waymo LLC,Monthly,6.0,2025.0,JUL-2025,SADHW2S11M1,Y,,JAGUAR, ,I-PACE, ,2021, ,2fa7c86551a0876,,5th Generation ADS Version 10, ,ADS,Verified Engaged,Waymo LLC, , ,Y, , , , , , , , , ,JUN-2025, ,15:47, ,42878cba1145d4c,[MAY CONTAIN PERSONALLY IDENTIFIABLE INFORMATION], ,[MAY CONTAIN PERSONALLY IDENTIFIABLE INFORMATION], ,, ,Scottsdale, ,AZ,, ,Street, , ,Y, , , , , ,Y, , , , , , , , , , ,Passenger Car,Property Damage. No Injured Reported,Backing, , , , , , ,Y, , , , ,Parked,"No Subject Vehicle, No Crash Partner","No Subject Vehicle, No Crash Partner",Subject Vehicle - No Passenger In Vehicle,0, , , , , , , , , ,Y, , , , ,Y, ,Y, , , ,, ,Yes, ,"On June [XXX], 2025 at 3:47 PM MT a Waymo Autonomous Vehicle (""Waymo AV"") operating in Scottsdale, Arizona was in a collision involving a passenger car on [XXX] at Hayden Road. 
The Waymo AV was parked at the curb facing east on [XXX] when a passenger car that was parked directly in front of the Waymo AV proceeded to reverse, and the rear of the passenger car made contact with the front of the Waymo AV. At the time of the impact, the Waymo AV's Level 4 ADS was engaged in autonomous mode. The Waymo AV sustained damage.
Waymo is reporting this crash under Request No. 2 of Standing General Order 2021-01. Waymo may supplement or correct its reporting with additional information as it may become available.", ,False, ,PHOENIX,V2V Backing,False,False,post_june16
30270-11173,1,Waymo LLC,Monthly,6.0,2025.0,JUL-2025,SADHW2S17R1,Y,,JAGUAR, ,I-PACE, ,2024, ,f865ba97155e173,,"5th Generation ADS, Version 9", ,ADS,Verified Engaged,Waymo LLC, , ,Y, , , , , , , , , ,JUN-2025, ,21:36, ,65b5f28a5b980bc,[MAY CONTAIN PERSONALLY IDENTIFIABLE INFORMATION], ,[MAY CONTAIN PERSONALLY IDENTIFIABLE INFORMATION], ,, ,Austin, ,TX,, ,Street, , ,Y, , , , , ,Y, , , , , , , , , , ,Pickup Truck,Property Damage. No Injured Reported,"Other, see Narrative", , , , , , ,Y, ,Y, , ,Stopped,"No Subject Vehicle, No Crash Partner","No Subject Vehicle, No Crash Partner",Subject Vehicle - No Passenger In Vehicle,0, , , , , , , , ,Y,Y, , , , ,Y, ,Y, , , ,, ,Yes, ,"On June [XXX], 2025 at 9:36 PM CT a Waymo Autonomous Vehicle (""Waymo AV"") operating in Austin, Texas was in a collision involving a pickup truck on [XXX] near [XXX]. 
The Waymo AV was stopped in-lane facing west on [XXX] for a passenger pick-up with hazard lights activated. A pickup truck approached the Waymo AV from behind, and the front of the pickup truck made contact with the rear of the stationary Waymo AV. The pickup truck then reversed, maneuvered around the left of the Waymo AV, and stopped directly in front of the stationary Waymo AV. While the Waymo AV remained stopped, the pickup truck reversed again, and the rear of the pickup truck made contact with the front of the Waymo AV. At the time of the impact, the Waymo AV's Level 4 ADS was engaged in autonomous mode. The Waymo AV sustained damage.
Waymo is reporting this crash under Request No. 2 of Standing General Order 2021-01. Waymo may supplement or correct its reporting with additional information as it may become available.", ,True, ,AUSTIN,V2V F2R,False,False,post_june16
30270-11174,1,Waymo LLC,5-Day,,,JUN-2025,SADHW2S19R1,Y,,JAGUAR, ,I-PACE, ,2024, ,5071b1e30878c2e,,"5th Generation ADS, Version 10", ,ADS,Verified Engaged,Waymo LLC, , ,Y, , , , , , , , , ,JUN-2025, ,08:16, ,14d3b0e6909827c,[MAY CONTAIN PERSONALLY IDENTIFIABLE INFORMATION], ,[MAY CONTAIN PERSONALLY IDENTIFIABLE INFORMATION], ,, ,Chandler, ,AZ,, ,Parking Lot, , ,Y, , , , , ,Y, , , , , , , , , , ,Other Fixed Object,No Injured Reported,,,,,,,,,,,,,Proceeding Straight,"No Subject Vehicle, No Crash Partner","No Subject Vehicle, No Crash Partner",Subject Vehicle - No Passenger In Vehicle,10, , , , , , , , , , ,Y, , , ,Y, ,Y, , , ,, ,Yes, ,"On June [XXX], 2025 at 8:16 AM MT a Waymo Autonomous Vehicle (""Waymo AV"") operating in Chandler, Arizona was in a collision involving an elevated gate track in a parking lot at [XXX]. 
The Waymo AV was traveling eastbound in a parking lot at [XXX] through a gate opening when the bottom of the Waymo AV made contact with the elevated gate track. At the time of the impact, the Waymo AV's Level 4 ADS was engaged in autonomous mode. The Waymo AV sustained damage.
Waymo is reporting this crash under Request No. 1 of Standing General Order 2021-01 because a vehicle involved was towed away. Waymo may supplement or correct its reporting with additional information as it may become available.", ,True, ,PHOENIX,Single Vehicle,False,False,post_june16
30270-11177,1,Waymo LLC,Monthly,6.0,2025.0,JUL-2025,SADHW2S19M1,Y,,JAGUAR, ,I-PACE, ,2021, ,fcda46c5029adeb,,5th Generation ADS Version 10, ,ADS,Verified Engaged,Waymo LLC, , ,Y, , , , , , , , , ,JUN-2025, ,12:45, ,fbb0b4e7ac9e1d9,[MAY CONTAIN PERSONALLY IDENTIFIABLE INFORMATION], ,[MAY CONTAIN PERSONALLY IDENTIFIABLE INFORMATION], ,, ,Phoenix, ,AZ,, ,Intersection, , ,Y, , , , , ,Y, , , , , , , , , , ,SUV,Property Damage. No Injured Reported,Proceeding Straight, , , , , , , , ,Y, , ,Stopped,"No Subject Vehicle, No Crash Partner","No Subject Vehicle, No Crash Partner",Subject Vehicle - All Belted,0, , , , , , , ,Y, , , , , , ,Y, ,Y, , , ,, ,Yes, ,"On June [XXX], 2025 at 12:45 PM MT a Waymo Autonomous Vehicle (""Waymo AV"") operating in Phoenix, Arizona was in a collision involving an SUV on [XXX] at [XXX]. 
The Waymo AV was stopped facing south in the second from the right lane on [XXX] for a red light at the intersection at [XXX]. While the Waymo AV remained stopped, an SUV that was initially stopped directly behind the Waymo AV approached the Waymo AV and the front of the SUV made contact with the rear of the stationary Waymo AV. At the time of the impact, the Waymo AV's Level 4 ADS was engaged in autonomous mode. Both vehicles sustained damage.
Waymo is reporting this crash under Request No. 2 of Standing General Order 2021-01. Waymo may supplement or correct its reporting with additional information as it may become available.", ,False, ,PHOENIX,V2V F2R,False,False,post_june16
30270-11190,1,Waymo LLC,5-Day,,,JUN-2025,SADHW2S10R1,Y,,JAGUAR, ,I-PACE, ,2024, ,5dfc67f0ba73f41,,5th Generation ADS Version 10, ,ADS,Verified Engaged,Waymo LLC, , ,Y, , , , , , , , , ,JUN-2025, ,02:46, ,798ecf194f8aecb,[MAY CONTAIN PERSONALLY IDENTIFIABLE INFORMATION], ,[MAY CONTAIN PERSONALLY IDENTIFIABLE INFORMATION], ,, ,Phoenix, ,AZ,, ,Intersection, , ,Y, , , , , ,Y, , , , , , , , , , ,Passenger Car,Property Damage. No Injured Reported,Proceeding Straight, , , , , , , , ,Y, , ,Stopped,"Yes Crash Partner, No Subject Vehicle","Yes Subject Vehicle, No Crash Partner",Subject Vehicle - All Belted,0, , , , , , , ,Y, , , , , , ,Y, ,Y, , , ,, ,Yes, ,"On June [XXX], 2025 at 2:46 AM MT a Waymo Autonomous Vehicle (""Waymo AV"") operating in Phoenix, Arizona was in a collision involving a passenger car on [XXX at [XXX]. 
The Waymo AV was stopped facing south in the rightmost lane on [XXX] for a red light at the intersection at [XXX]. While the Waymo AV remained stopped, a passenger car traveling southbound in the rightmost lane on [XXX] approached the Waymo AV from behind and the front of the passenger car made contact with the rear of the Waymo AV. At the time of the impact, the Waymo AV's Level 4 ADS was engaged in autonomous mode. Both vehicles sustained damage.
Waymo is reporting this crash under Request No. 1 of Standing General Order 2021-01 because of airbag deployment and a vehicle involved was towed away. Waymo may supplement or correct its reporting with additional information as it may become available.", ,False, ,PHOENIX,V2V F2R,True,False,post_june16
30270-11204,1,Waymo LLC,5-Day,,,JUN-2025,SADHW2S19M1,Y,,JAGUAR, ,I-PACE, ,2021, ,df84fa8aece7066,,"5th Generation ADS, Version 10", ,ADS,Verified Engaged,Waymo LLC, , ,Y, , , , , , , , , ,JUN-2025, ,05:58, ,48a69df2a6c3a88,[MAY CONTAIN PERSONALLY IDENTIFIABLE INFORMATION], ,[MAY CONTAIN PERSONALLY IDENTIFIABLE INFORMATION], ,, ,Phoenix, ,AZ,, ,Parking Lot, , ,Y, , , , , ,Y, , , , , , , , , , ,Van,No Injured Reported,Lane / Road Departure, , , , , , , , ,Y, , ,Stopped,"No Subject Vehicle, No Crash Partner","Yes Subject Vehicle, No Crash Partner",Subject Vehicle - No Passenger In Vehicle,0, , , , , , ,Y, , , , , , , ,Y, ,Y, , , ,, ,Yes, ,"On June [XXX], 2025 at 5:58 AM MT a Waymo Autonomous Vehicle (""Waymo AV"") operating in Phoenix, Arizona was in a collision involving a van at the entrance of a parking lot at [XXX]. 
The Waymo AV was stopped facing south at the entrance of a parking lot at [XXX] while yielding to traffic and preparing to make a left turn at the intersection at [XXX]. As the Waymo AV remained stopped, a van traveling westbound in the rightmost lane on [XXX] traveled onto the north sidewalk of [XXX]. It then entered the parking lot entrance from the sidewalk, traveling perpendicular to the standard direction of travel. The front of the van made contact with the front driver side of the Waymo AV, which was still stationary at intersection, causing the Waymo AV to spin and the front of the Waymo AV to then make contact with a sign pole. At the time of the impact, the Waymo AV's Level 4 ADS was engaged in autonomous mode. Both vehicles sustained damage.
Waymo is reporting this crash under Request No. 1 of Standing General Order 2021-01 because a vehicle involved was towed away. Waymo may supplement or correct its reporting with additional information as it may become available.", ,False, ,PHOENIX,Secondary Crash,True,False,post_june16
30270-11206,1,Waymo LLC,Monthly,6.0,2025.0,JUL-2025,SADHW2S15M1,Y,,JAGUAR, ,I-PACE, ,2021, ,e801f0c281cadd6,,"5th Generation ADS, Version 10", ,ADS,Verified Engaged,Waymo LLC, , ,Y, , , , , , , , , ,JUN-2025, ,23:04, ,5e09559e538f126,[MAY CONTAIN PERSONALLY IDENTIFIABLE INFORMATION], ,[MAY CONTAIN PERSONALLY IDENTIFIABLE INFORMATION], ,, ,Phoenix, ,AZ,, ,Intersection, , ,Y, , , , , ,Y, , , , , , , , , , ,"Other, see Narrative",Property Damage. No Injured Reported,"Other, see Narrative", , , , , , , , , , ,Y,Proceeding Straight,"No Subject Vehicle, No Crash Partner","No Subject Vehicle, No Crash Partner",Subject Vehicle - Not Belted - see Narrative,21, , , , , , , , , ,Y, , , , ,Y, ,Y, , , ,, ,Yes, ,"On June [XXX], 2025 at 11:04 PM MT a Waymo Autonomous Vehicle (""Waymo AV"") operating in Phoenix, Arizona was in a collision involving a tire on [XXX] at [XXX]. 
The Waymo AV was traveling westbound on [XXX] in the second from the right lane when several tires fell from a trailer pulled by a recreation vehicle traveling westbound on [XXX] in front of the Waymo AV. The tires rolled into the roadway and the front of the Waymo AV made contact with one of the tires, which then went under the Waymo AV. At the time of the impact, the Waymo AV's Level 4 ADS was engaged in autonomous mode. The Waymo AV sustained damage. The passenger in the Waymo AV was not belted at the time of the collision.
Waymo is reporting this crash under Request No. 2 of Standing General Order 2021-01. Waymo may supplement or correct its reporting with additional information as it may become available.", ,True, ,PHOENIX,Single Vehicle,False,False,post_june16
30270-11208,1,Waymo LLC,Monthly,6.0,2025.0,JUL-2025,SADHW2S12R1,Y,,JAGUAR, ,I-PACE, ,2024, ,105423dedd0a22f,,"5th Generation ADS, Version 9", ,ADS,Verified Engaged,Waymo LLC, , ,Y, , , , , , , , , ,JUN-2025, ,21:05, ,4b9386726e6715e,[MAY CONTAIN PERSONALLY IDENTIFIABLE INFORMATION], ,[MAY CONTAIN PERSONALLY IDENTIFIABLE INFORMATION], ,, ,Austin, ,TX,, ,Intersection, , ,Y, , , , , ,Y, , , , , , , , , , ,SUV,Property Damage. No Injured Reported,Proceeding Straight, , , , , , , , ,Y, , ,Stopped,"No Subject Vehicle, No Crash Partner","No Subject Vehicle, No Crash Partner",Subject Vehicle - All Belted,0, , , , , , , ,Y, , , , , , ,Y, ,Y, , , ,, ,Yes, ,"On June [XXX], 2025 at 9:05 PM CT a Waymo Autonomous Vehicle (""Waymo AV"") operating in Austin, Texas was in a collision involving an SUV on [XXX] at [XXX]. 
The Waymo AV was traveling southbound on [XXX] and came to a stop for a red light at the intersection at [XXX]. An SUV approached the Waymo AV from behind, and the front of the SUV made contact with the rear of the stationary Waymo AV. At the time of the impact, the Waymo AV's Level 4 ADS was engaged in autonomous mode. The Waymo AV sustained damage.
Waymo is reporting this crash under Request No. 2 of Standing General Order 2021-01. Waymo may supplement or correct its reporting with additional information as it may become available.", ,False, ,AUSTIN,V2V F2R,False,False,post_june16
30270-11209,1,Waymo LLC,5-Day,,,JUN-2025,SADHW2S17R1,Y,,JAGUAR, ,I-PACE, ,2024, ,f48582523327e68,,"5th Generation ADS, Version 10", ,ADS,Verified Engaged,Waymo LLC, , ,Y, , , , , , , , , ,JUN-2025, ,09:05, ,c1816d4e297b197,[MAY CONTAIN PERSONALLY IDENTIFIABLE INFORMATION], ,[MAY CONTAIN PERSONALLY IDENTIFIABLE INFORMATION], ,, ,Chandler, ,AZ,, ,Parking Lot, , ,Y, , , , , ,Y, , , , , , , , , , ,Other Fixed Object,No Injured Reported,,,,,,,,,,,,,Proceeding Straight,"No Subject Vehicle, No Crash Partner","Yes Subject Vehicle, No Crash Partner",Subject Vehicle - No Passenger In Vehicle,10, , , , , , , , , , ,Y, , , ,Y, ,Y, , , ,, ,Yes, ,"On June [XXX], 2025 at 9:05 AM MT a Waymo Autonomous Vehicle (""Waymo AV"") operating in Chandler, Arizona was in a collision involving an elevated gate track in a parking lot at [XXX]. 
The Waymo AV was traveling eastbound in a parking lot at [XXX] through a gate opening when the bottom of the Waymo AV made contact with the elevated gate track. At the time of the impact, the Waymo AV's Level 4 ADS was engaged in autonomous mode. The Waymo AV sustained damage.
Waymo is reporting this crash under Request No. 1 of Standing General Order 2021-01 because a vehicle involved was towed away. Waymo may supplement or correct its reporting with additional information as it may become available.", ,True, ,PHOENIX,Single Vehicle,False,False,post_june16
30270-11212,1,Waymo LLC,Monthly,6.0,2025.0,JUL-2025,SADHW2S18R1,Y,,JAGUAR, ,I-PACE, ,2024, ,7ebedc3d7f56e9b,,"5th Generation ADS, Version 9", ,ADS,Verified Engaged,Waymo LLC, , ,Y, , , , , , , , , ,JUN-2025, ,22:26, ,52f4d4273b22dfc,[MAY CONTAIN PERSONALLY IDENTIFIABLE INFORMATION], ,[MAY CONTAIN PERSONALLY IDENTIFIABLE INFORMATION], ,, ,Austin, ,TX,, ,Street, , ,Y, , , , , ,Y, , , , , , , , , , ,SUV,Minor W/O Hospitalization,Proceeding Straight, , , , , , , , ,Y, , ,Stopped,"No Subject Vehicle, No Crash Partner","No Subject Vehicle, No Crash Partner",Subject Vehicle - All Belted,0, , , , , , , ,Y, , , , , , ,Y, ,Y, , , ,, ,Yes, ,"On June [XXX], 2025 at 10:26 PM CT a Waymo Autonomous Vehicle (""Waymo AV"") operating in Austin, Texas was in a collision involving an SUV on [XXX] near [XXX]. 
The Waymo AV was traveling southbound on [XXX] in the second lane from the right and came to a stop in a queue of traffic for a red light at the intersection at [XXX]. An SUV approached the Waymo AV from behind, and the front of the SUV made contact with the rear of the stationary Waymo AV. At the time of the impact, the Waymo AV's Level 4 ADS was engaged in autonomous mode. The passenger in the Waymo AV alleged a minor injury.
Waymo is reporting this crash under Request No. 2 of Standing General Order 2021-01. Waymo may supplement or correct its reporting with additional information as it may become available.", ,True, ,AUSTIN,V2V F2R,False,True,post_june16
30270-11214,1,Waymo LLC,Monthly,6.0,2025.0,JUL-2025,SADHW2S15R1,Y,,JAGUAR, ,I-PACE, ,2024, ,011b3519bb36005,,"5th Generation ADS, Version 10", ,ADS,Verified Engaged,Waymo LLC, , ,Y, , , , , , , , , ,JUN-2025, ,18:01, ,100be7e36c21998,[MAY CONTAIN PERSONALLY IDENTIFIABLE INFORMATION], ,[MAY CONTAIN PERSONALLY IDENTIFIABLE INFORMATION], ,, ,Guadalupe, ,AZ,, ,Street, , ,Y, , , , , ,Y, , , , , , , , , , ,Passenger Car,Property Damage. No Injured Reported,Proceeding Straight, , , , , , , , ,Y, , ,Proceeding Straight,"No Subject Vehicle, No Crash Partner","No Subject Vehicle, No Crash Partner",Subject Vehicle - All Belted,15, , , , , , , ,Y, , , , , , ,Y, ,Y, , , ,, ,Yes, ,"On June [XXX], 2025 at 6:01 PM MT a Waymo Autonomous Vehicle (""Waymo AV"") operating in Guadalupe, Arizona was in a collision involving a passenger car on [XXX] near [XXX]. 
The Waymo AV was traveling southbound on [XXX] and began to slow for a queue of traffic at the intersection at [XXX]. A passenger car traveling southbound on [XXX] approached the Waymo AV from behind and the front of the passenger car made contact with the rear of the Waymo AV. At the time of the impact, the Waymo AV's Level 4 ADS was engaged in autonomous mode. Both vehicles sustained damage.
Waymo is reporting this crash under Request No. 2 of Standing General Order 2021-01. Waymo may supplement or correct its reporting with additional information as it may become available.", ,False, ,PHOENIX,V2V F2R,False,False,post_june16
30270-11215,1,Waymo LLC,Monthly,6.0,2025.0,JUL-2025,SADHW2S19R1,Y,,JAGUAR, ,I-PACE, ,2024, ,0c1e9551cc957f9,In-Vehicle (Commercial / Test),5th Generation ADS Version 10, ,ADS,Verified Not Engaged,Waymo LLC, , ,Y, , , , , , , , , ,JUN-2025, ,21:22, ,d63b77ecc314557,[MAY CONTAIN PERSONALLY IDENTIFIABLE INFORMATION], ,[MAY CONTAIN PERSONALLY IDENTIFIABLE INFORMATION], ,, ,Miami, ,FL,, ,Street, , ,Y, , , , , ,Y, , , , , , , , , , ,Passenger Car,Property Damage. No Injured Reported,Proceeding Straight, , , , , , , ,Y, , , ,Passing,"No Subject Vehicle, No Crash Partner","No Subject Vehicle, No Crash Partner",Subject Vehicle - All Belted,4, , , , , , ,Y, , , , , , , ,Y, ,Y, , , ,Miami Police Department, ,Yes, ,"On June [XXX], 2025 at 9:22 PM ET a Waymo Autonomous Vehicle (""Waymo AV"") operating in Miami, Florida was in a collision involving a passenger car on [XXX] at [XXX]. 
The Waymo AV was traveling southbound on [XXX] in autonomous mode in the left lane when it approached a passenger car stopped in the left lane with its left turn signal activated at the intersection with [XXX]. The Waymo AV merged into the right lane to pass the passenger car and the test driver disengaged the Waymo AV's ADS as the Waymo AV began to merge back into the left lane. As the test driver attempted to merge in front of the passenger car, the passenger car proceeded straight and the passenger side of the passenger car made contact with the front driver side of the Waymo AV. At the time of the impact, the Waymo AV's Level 4 ADS was not engaged and a test driver was operating the Waymo AV in manual mode. Both vehicles sustained damage.
Waymo is reporting this crash under Request No. 2 of Standing General Order 2021-01. Waymo may supplement or correct its reporting with additional information as it may become available.", ,,,,,,,post_june16
30270-11216,1,Waymo LLC,Monthly,6.0,2025.0,JUL-2025,SADHW2S19R1,Y,,JAGUAR, ,I-PACE, ,2024, ,cbd3f1f6c9a8cb6,,"5th Generation ADS, Version 10", ,ADS,Verified Engaged,Waymo LLC, , ,Y, , , , , , , , , ,JUN-2025, ,16:56, ,a2efe3284b1523e,[MAY CONTAIN PERSONALLY IDENTIFIABLE INFORMATION], ,[MAY CONTAIN PERSONALLY IDENTIFIABLE INFORMATION], ,, ,Phoenix, ,AZ,, ,Street, , ,Y, , , , , ,Y, , , , , , , , , , ,Passenger Car,Property Damage. No Injured Reported,Proceeding Straight, , , , , , , ,Y, , , ,Parked,"No Subject Vehicle, No Crash Partner","No Subject Vehicle, No Crash Partner",Subject Vehicle - Not Belted - see Narrative,0, , , , ,Y, , , , , , , , , ,Y, ,Y, , , ,, ,Yes, ,"On June [XXX], 2025 at 4:56 PM MST a Waymo Autonomous Vehicle (""Waymo AV"") operating in Phoenix, Arizona was in a collision involving a passenger car on [XXX] near [XXX]. 
The Waymo AV was parked at the curb facing south on [XXX] for a passenger drop-off with hazard lights activated. While the Waymo AV remained parked, a passenger car traveling southbound on [XXX] with its front passenger side door open proceeded to pass to the left of the Waymo AV. The front passenger door of the passenger car made contact with the rear driver side of the stationary Waymo AV. At the time of the impact, the Waymo AV's Level 4 ADS was engaged in autonomous mode. The passenger seated in the Waymo AV was not belted at the time of the collision, having not put the seatbelt on at the start of the trip. Both vehicles sustained damage.
Waymo is reporting this crash under Request No. 2 of Standing General Order 2021-01. Waymo may supplement or correct its reporting with additional information as it may become available.", ,False, ,PHOENIX,All Others,False,False,post_june16