Report ID,Report Version,Reporting Entity,Report Type,Report Month,Report Year,Report Submission Date,VIN,VIN Decoded,Serial Number,Make,Make - Unknown,Model,Model - Unknown,Model Year,Model Year - Unknown,Same Vehicle ID,Driver / Operator Type,Automation Feature Version,Automation Feature Version CBI,Automation System Engaged?,Engagement Status,Operating Entity,Operating Entity - Unknown,Source - Complaint/Claim,Source - Telematics,Source - Law Enforcement,Source - Field Report,Source - Testing,Source - Media,Source - Internal Process Review,Source - NHTSA VOQ,Source - Other - See Narrative,Source - Other Entity,Source - State or Other Agency,Incident Date,Incident Date - Unknown,Incident Time (24:00),Incident Time - Unknown,Same Incident ID,Latitude,Latitude - Unknown,Longitude,Longitude - Unknown,Address,Address - Unknown,City,City - Unknown,State,Zip Code,Zip Code - Unknown,Roadway Type,Roadway-Degraded Surface,Roadway-Missing/Degraded Marking,Roadway-No Unusual Conditions,Roadway-Other-See Narrative,Roadway-Traffic Incident,Roadway-Unknown,Roadway-Wet Surface Condition,Roadway-Work Zone,Weather - Clear,Weather - Snow,Weather - Cloudy,Weather - Partly Cloudy,Weather - Fog/Smoke/Haze,Weather - Rain,Weather - Severe Wind,Weather - Dust Storm,Weather - Severe Hurricane,Weather - Structure-Indoor,Weather - Unk - See Narrative,Crash With,Highest Injury Severity Alleged,CP Pre-Crash Movement,CP Contact Area - Rear Left,CP Contact Area - Left,CP Contact Area - Front Left,CP Contact Area - Rear,CP Contact Area - Top,CP Contact Area - Front,CP Contact Area - Rear Right,CP Contact Area - Right,CP Contact Area - Front Right,CP Contact Area - Bottom,CP Contact Area - Unknown,SV Pre-Crash Movement,Any Air Bags Deployed?,Was Any Vehicle Towed?,Were All Passengers Belted?,SV Precrash Speed (MPH),SV Pre-crash Speed - Unknown,SV Contact Area - Rear Left,SV Contact Area - Left,SV Contact Area - Front Left,SV Contact Area - Rear,SV Contact Area - Top,SV Contact Area - Front,SV Contact Area - Rear Right,SV Contact Area - Right,SV Contact Area - Front Right,SV Contact Area - Bottom,SV Contact Area - Unknown,Data Availability - EDR,Data Availability - Police Rpt,Data Availability - Telematics,Data Availability - Complaints,Data Availability - Video,Data Availability - Other,Data Availability - No Data,Data Availability - Unknown,Investigating Agency,Investigating Agency - Unknown,Within ODD?,Within ODD? - CBI,Narrative,Narrative - CBI?,hub_delta_v_less_than_1mph,hub_zip_code,hub_location,hub_crash_type,hub_is_police_reported,hub_is_any_injury_reported,data_period
30270-11217,1,Waymo LLC,Monthly,6.0,2025.0,JUL-2025,SADHW2S10R1,Y,,JAGUAR, ,I-PACE, ,2024, ,7748c1f8d3f6fe7,In-Vehicle (Commercial / Test),"5th Generation ADS, Version 10", ,ADS,Verified Engaged,Waymo LLC, , ,Y, , , , , , , , , ,JUN-2025, ,17:26, ,243a5cc53e4d04a,[MAY CONTAIN PERSONALLY IDENTIFIABLE INFORMATION], ,[MAY CONTAIN PERSONALLY IDENTIFIABLE INFORMATION], ,, ,Austin, ,TX,, ,Street, , ,Y, , , , , ,Y, , , , , , , , , , ,Passenger Car,Property Damage. No Injured Reported,Proceeding Straight, , , , , , , , ,Y, , ,Proceeding Straight,"No Subject Vehicle, No Crash Partner","No Subject Vehicle, No Crash Partner",Subject Vehicle - All Belted,1, , , , , , , ,Y, , , , , , ,Y, ,Y, , , ,, ,Yes, ,"On June [XXX], 2025 at 5:26 PM CT a Waymo Autonomous Vehicle (""Waymo AV"") operating in Austin, Texas was in a collision involving a passenger car on [XXX] near [XXX]. 
The Waymo AV was traveling southbound on [XXX] in the third from the right lane and came to a stop in a queue of traffic. As traffic in all lanes started to proceed forward, the Waymo AV slowly proceeded forward with its left turn signal activated, yielding to traffic and momentarily stopping in an attempt to merge into the left adjacent lane. A passenger car that was initially stopped directly behind the Waymo AV began to proceed forward and the front of the passenger car made contact with the rear of the Waymo AV. At the time of the impact, the Waymo AV's Level 4 ADS was engaged in autonomous mode, and a test driver was present (in the driver's seating position).The Waymo AV sustained damage.
Waymo is reporting this crash under Request No. 2 of Standing General Order 2021-01. Waymo may supplement or correct its reporting with additional information as it may become available.", ,,,,,,,post_june16
30270-11219,1,Waymo LLC,Monthly,6.0,2025.0,JUL-2025,SADHW2S11R1,Y,,JAGUAR, ,I-PACE, ,2024, ,3484caaa1de941e,,"5th Generation ADS, Version 10", ,ADS,Verified Engaged,Waymo LLC, , ,Y, , , , , , , , , ,JUN-2025, ,12:11, ,9d7ddaa65663896,[MAY CONTAIN PERSONALLY IDENTIFIABLE INFORMATION], ,[MAY CONTAIN PERSONALLY IDENTIFIABLE INFORMATION], ,, ,Atlanta, ,GA,, ,Street, , ,Y, , , , , ,Y, , , , , , , , , , ,Heavy Truck,Minor W/O Hospitalization,Proceeding Straight, ,Y, , , , , , , , , ,Stopped,"No Subject Vehicle, No Crash Partner","No Subject Vehicle, No Crash Partner",Subject Vehicle - All Belted,0, , , , ,Y, , , , , , , , , ,Y, ,Y, , , ,, ,Yes, ,"On June [XXX], 2025 at 12:11 PM ET a Waymo Autonomous Vehicle (""Waymo AV"") operating in Atlanta, Georgia was in a collision involving a heavy truck on [XXX] at [XXX]. 
The Waymo AV was traveling eastbound on [XXX] and came to a stop to yield to a heavy truck traveling westbound on a portion of [XXX] with vehicles parked at both curbs. As the heavy truck passed the stationary Waymo AV, the driver side of the heavy truck made contact with the rear driver side of the Waymo AV. At the time of the impact, the Waymo AV's Level 4 ADS was engaged in autonomous mode. The passenger in the Waymo AV alleged a minor injury. The Waymo AV sustained damage.
Waymo is reporting this crash under Request No. 2 of Standing General Order 2021-01. Waymo may supplement or correct its reporting with additional information as it may become available.", ,True, ,ATLANTA,V2V Head-on,False,True,post_june16
30270-11220,1,Waymo LLC,Monthly,6.0,2025.0,JUL-2025,SADHW2S14R1,Y,,JAGUAR, ,I-PACE, ,2024, ,b5be96ad288a508,,"5th Generation ADS, Version 10", ,ADS,Verified Engaged,Waymo LLC, , ,Y, , , , , , , , , ,JUN-2025, ,23:35, ,ea11ad2f69fa240,[MAY CONTAIN PERSONALLY IDENTIFIABLE INFORMATION], ,[MAY CONTAIN PERSONALLY IDENTIFIABLE INFORMATION], ,, ,Scottsdale, ,AZ,, ,Street, , ,Y, , , , , ,Y, , , , , , , , , , ,"Other, see Narrative",Property Damage. No Injured Reported,"Other, see Narrative", , , , , , , , , , ,Y,Proceeding Straight,Not Applicable,"No Subject Vehicle, No Crash Partner",Subject Vehicle - Not Belted - see Narrative,23, , , , , , , , , ,Y,Y, , , ,Y, ,Y, , , ,, ,Yes, ,"On June [XXX], 2025 at 11:35 PM MT a Waymo Autonomous Vehicle (""Waymo AV"") operating in Scottsdale, Arizona was in a collision involving an unattended bicycle in the roadway on [XXX] near [XXX]. 
The Waymo AV was traveling eastbound in the rightmost lane of [XXX] when the Waymo AV's front and undercarriage made contact with an unattended bicycle that was laying in the middle of the roadway. At the time of the impact, the Waymo AV's Level 4 ADS was engaged in autonomous mode. The Waymo AV sustained damage. One of the passengers in the Waymo AV was not belted at the time of the collision.
Waymo is reporting this crash under Request No. 2 of Standing General Order 2021-01. Waymo may supplement or correct its reporting with additional information as it may become available.", ,True, ,PHOENIX,Single Vehicle,False,False,post_june16
30270-11224,1,Waymo LLC,5-Day,,,JUN-2025,SADHW2S17R1,Y,,JAGUAR, ,I-PACE, ,2024, ,101ca9eb2e2c6ed,,"5th Generation ADS, Version 10", ,ADS,Verified Engaged,Waymo LLC, , ,Y, , , , , , , , , ,JUN-2025, ,17:34, ,4e9b36dcecf6185,[MAY CONTAIN PERSONALLY IDENTIFIABLE INFORMATION], ,[MAY CONTAIN PERSONALLY IDENTIFIABLE INFORMATION], ,, ,Mesa, ,AZ,, ,Street, , ,Y, , , , , ,Y, , , , , , , , , , ,SUV,Property Damage. No Injured Reported,Parked, ,Y, , , , , , , , , ,Proceeding Straight,"No Subject Vehicle, No Crash Partner","Yes Crash Partner, No Subject Vehicle",Subject Vehicle - Not Belted - see Narrative,6, , , ,Y, , , , ,Y, , , , , ,Y, ,Y, , , ,Chandler Police Department, ,Yes, ,"On June [XXX], 2025 at 5:34 PM MT a Waymo Autonomous Vehicle (""Waymo AV"") operating in Mesa, Arizona was in a collision involving an autonomous vehicle on [XXX] near [XXX]. 
The Waymo AV was parked facing east for a passenger pick-up on [XXX] adjacent to a parking lot at [XXX]. A passenger entered the Waymo AV and the Waymo AV began to proceed forward momentarily before the passenger opened the front passenger side door and exited the Waymo AV, prompting the Waymo AV to stop. The passenger then re-entered the Waymo AV and the Waymo AV proceeded to pass to the left of a different Waymo AV stopped facing east on [XXX]. While the first Waymo AV was passing the stopped Waymo AV, the passenger in the moving Waymo AV opened the front passenger side door, which then made contact with the driver side mirror of the stopped Waymo AV. The passenger in the moving Waymo AV was not belted at the time of the collision. At the time of the impact, the Level 4 ADS of both Waymo AVs were engaged in autonomous mode. Both vehicles sustained damage.
Waymo is reporting this crash under Request No. 1 of Standing General Order 2021-01 because a vehicle involved was towed away. Waymo may supplement or correct its reporting with additional information as it may become available.", ,True, ,PHOENIX,All Others,True,False,post_june16
30270-11238,1,Waymo LLC,5-Day,,,JUL-2025,SADHW2S14R1,Y,,JAGUAR, ,I-PACE, ,2024, ,fc430eff53d2ba1,,"5th Generation ADS, Version 10", ,ADS,Verified Engaged,Waymo LLC, , ,Y, , , , , , , , , ,JUN-2025, ,22:56, ,fb4ea910520b2d9,[MAY CONTAIN PERSONALLY IDENTIFIABLE INFORMATION], ,[MAY CONTAIN PERSONALLY IDENTIFIABLE INFORMATION], ,, ,Austin, ,TX,, ,Intersection, , ,Y, , , , , ,Y, , , , , , , , , , ,Passenger Car,Property Damage. No Injured Reported,Changing Lanes, , , , , ,Y, , , , , ,Stopped,"No Subject Vehicle, No Crash Partner","Yes Subject Vehicle, No Crash Partner",Subject Vehicle - No Passenger In Vehicle,0, ,Y, , , , , , , , , , , , ,Y, ,Y, , , ,, ,Yes, ,"On June [XXX], 2025 at 10:56 PM CT a Waymo Autonomous Vehicle (""Waymo AV"") operating in Austin, Texas was in a collision involving a passenger car on [XXX] at [XXX]. 
The Waymo AV was stopped facing northbound on [XXX] in the left lane at a red light at the intersection with [XXX]. A passenger car approached the Waymo AV from behind and began to change lanes to the right of the Waymo AV, and the front driver side of the passenger car made contact with the rear passenger side of the stationary Waymo AV. At the time of the impact, the Waymo AV's Level 4 ADS was engaged in autonomous mode. Both vehicles sustained damage.
Waymo is reporting this crash under Request No. 1 of Standing General Order 2021-01 because a vehicle involved was towed away. Waymo may supplement or correct its reporting with additional information as it may become available.", ,False, ,AUSTIN,V2V F2R,False,False,post_june16
30270-11246,1,Waymo LLC,5-Day,,,JUL-2025,SADHW2S10R1,Y,,JAGUAR, ,I-PACE, ,2024, ,54a02e94e0a19eb,,"5th Generation ADS, Version 10", ,ADS,Verified Engaged,Waymo LLC, , ,Y, , , , , , , , , ,JUN-2025, ,18:59, ,85c4a2c33c09848,[MAY CONTAIN PERSONALLY IDENTIFIABLE INFORMATION], ,[MAY CONTAIN PERSONALLY IDENTIFIABLE INFORMATION], ,, ,Austin, ,TX,, ,Intersection, , ,Y, , , , , , , ,Y, , , , , , , , ,Pickup Truck,Property Damage. No Injured Reported,Making Left Turn, , ,Y, , , , , , , , ,Making Left Turn,"No Subject Vehicle, No Crash Partner","Yes Subject Vehicle, No Crash Partner",Subject Vehicle - All Belted,10, , ,Y, , , , , , , , , , , ,Y, ,Y, , , ,, ,Yes, ,"On June [XXX], 2025 at 6:59 PM CT a Waymo Autonomous Vehicle (""Waymo AV"") operating in Austin, Texas was in a collision involving a pickup truck on [XXX] at [XXX]. 
The Waymo AV was stopped facing east in the outer dedicated left turn lane on [XXX] for a red light at the intersection at [XXX]. When the light turned green, the Waymo AV initiated a left turn from the outer left turn lane into the center lane of northbound [XXX]. While the Waymo AV was completing its left turn, a pickup truck turning left from the inner dedicated left turn lane entered the center lane of northbound [XXX], crossing the dotted white lane line. The front passenger side of the pickup truck made contact with the driver side of the Waymo AV. At the time of the impact, the Waymo AV's Level 4 ADS was engaged in autonomous mode. Both vehicles sustained damage.
Waymo is reporting this crash under Request No. 1 of Standing General Order 2021-01 because a vehicle involved was towed away. Waymo may supplement or correct its reporting with additional information as it may become available.", ,False, ,AUSTIN,V2V Lateral,False,False,post_june16
30270-11247,1,Waymo LLC,5-Day,,,JUL-2025,SADHW2S13R1,Y,,JAGUAR, ,I-PACE, ,2024, ,9244b172b2937e3,,"5th Generation ADS, Version 10", ,ADS,Verified Engaged,Waymo LLC, , ,Y, , , , , , , , , ,JUN-2025, ,18:11, ,b0269ca273ce3a0,[MAY CONTAIN PERSONALLY IDENTIFIABLE INFORMATION], ,[MAY CONTAIN PERSONALLY IDENTIFIABLE INFORMATION], ,, ,Austin, ,TX,, ,Street, , ,Y, , , , , , , ,Y, , , , , , , , ,Heavy Truck,Property Damage. No Injured Reported,Proceeding Straight, ,Y, , , , , , , , , ,Stopped,"No Subject Vehicle, No Crash Partner","Yes Subject Vehicle, No Crash Partner",Subject Vehicle - No Passenger In Vehicle,0, , , , ,Y, , , , , , , , , ,Y, ,Y, , , ,, ,Yes, ,"On June [XXX], 2025 at 6:11 PM CT a Waymo Autonomous Vehicle (""Waymo AV"") operating in Austin, Texas was in a collision involving a box truck on [XXX] near [XXX]. 
The Waymo AV was traveling northwestbound on a narrow portion of [XXX] when it came to a stop to yield to an approaching box truck traveling southeastbound on [XXX]. While the Waymo AV remained stopped, the box truck proceeded forward to pass the Waymo AV and the driver side of the box truck made contact with the rear driver side of the stationary Waymo AV. At the time of the impact, the Waymo AV's Level 4 ADS was engaged in autonomous mode. The Waymo AV sustained damage.
Waymo is reporting this crash under Request No. 1 of Standing General Order 2021-01 because a vehicle involved was towed away. Waymo may supplement or correct its reporting with additional information as it may become available.", ,True, ,AUSTIN,V2V Lateral,False,False,post_june16
30270-11275,1,Waymo LLC,Monthly,6.0,2025.0,JUL-2025,SADHW2S17R1,Y,,JAGUAR, ,I-PACE, ,2024, ,02e5cad27058cb7,,"5th Generation ADS, Version 10", ,ADS,Verified Engaged,Waymo LLC, , ,Y, , , , , , , , , ,JUN-2025, ,23:29, ,37a20226020034f,[MAY CONTAIN PERSONALLY IDENTIFIABLE INFORMATION], ,[MAY CONTAIN PERSONALLY IDENTIFIABLE INFORMATION], ,, ,Scottsdale, ,AZ,, ,Street, , ,Y, , , , , ,Y, , , , , , , , , , ,"Other, see Narrative",Property Damage. No Injured Reported,"Other, see Narrative", , , , , , , , , , ,Y,Proceeding Straight,"No Subject Vehicle, No Crash Partner","No Subject Vehicle, No Crash Partner",Subject Vehicle - All Belted,39, , , ,Y, , , , , , ,Y, , , ,Y, ,Y, , , ,, ,Yes, ,"On June [XXX], 2025 at 11:29 PM MT a Waymo Autonomous Vehicle (""Waymo AV"") operating in Scottsdale, Arizona was in a collision involving an unattended bicycle in the roadway on [XXX] near [XXX]. 
The Waymo AV was traveling eastbound in the rightmost lane of [XXX] when the Waymo AV's front passenger side and undercarriage made contact with an unattended bicycle that was laying in the roadway. At the time of the impact, the Waymo AV's Level 4 ADS was engaged in autonomous mode. The Waymo AV sustained damage. 
Waymo is reporting this crash under Request No. 2 of Standing General Order 2021-01. Waymo may supplement or correct its reporting with additional information as it may become available.", ,True, ,PHOENIX,Single Vehicle,False,False,post_june16
30270-11276,1,Waymo LLC,Monthly,6.0,2025.0,JUL-2025,SADHW2S1XR1,Y,,JAGUAR, ,I-PACE, ,2024, ,79055fc7011c55b,,"5th Generation ADS, Version 10", ,ADS,Verified Engaged,Waymo LLC, , ,Y, , , , , , , , , ,JUN-2025, ,23:03, ,54ca405cf28eaf0,[MAY CONTAIN PERSONALLY IDENTIFIABLE INFORMATION], ,[MAY CONTAIN PERSONALLY IDENTIFIABLE INFORMATION], ,, ,Atlanta, ,GA,, ,Street, , ,Y, , , , , ,Y, , , , , , , , , , ,SUV,Property Damage. No Injured Reported,Backing, , , , , , ,Y, , , , ,Parked,"No Subject Vehicle, No Crash Partner","No Subject Vehicle, No Crash Partner",Subject Vehicle - No Passenger In Vehicle,0, , , , ,Y, , , , , , , , , ,Y, ,Y, , , ,, ,Yes, ,"On June [XXX], 2025 at 11:03 PM ET a Waymo Autonomous Vehicle (""Waymo AV"") operating in Atlanta, Georgia was in a collision involving an SUV on [XXX] near [XXX].
The Waymo AV was parked at the curb facing north on [XXX] when an SUV reversed out of a driveway on the west side of [XXX], and the rear of the SUV made contact with the rear driver side of the stationary Waymo AV. At the time of the impact, the Waymo AV's Level 4 ADS was engaged in autonomous mode. The Waymo AV sustained damage.
Waymo is reporting this crash under Request No. 2 of Standing General Order 2021-01. Waymo may supplement or correct its reporting with additional information as it may become available.", ,False, ,ATLANTA,V2V Backing,False,False,post_june16
30270-11291,1,Waymo LLC,Monthly,6.0,2025.0,JUL-2025,SADHW2S14R1,Y,,JAGUAR, ,I-PACE, ,2024, ,34cafac569b5647,,"5th Generation ADS, Version 10", ,ADS,Verified Engaged,Waymo LLC, , ,Y, , , , , , , , , ,JUN-2025, ,09:20, ,563b9b640f3a007,[MAY CONTAIN PERSONALLY IDENTIFIABLE INFORMATION], ,[MAY CONTAIN PERSONALLY IDENTIFIABLE INFORMATION], ,, ,Austin, ,TX,, ,Intersection, , ,Y, , , , , , , , ,Y, , , , , , , ,Heavy Truck,Property Damage. No Injured Reported,Making Right Turn, , , , , , , ,Y, , , ,Proceeding Straight,"No Subject Vehicle, No Crash Partner","No Subject Vehicle, No Crash Partner",Subject Vehicle - No Passenger In Vehicle,5, , ,Y, , , , , , , , , , , ,Y, ,Y, , , ,, ,Yes, ,"On June [XXX], 2025 at 9:20 AM CT a Waymo Autonomous Vehicle (""Waymo AV"") operating in Austin, Texas was in a collision involving a heavy truck on an unnamed service road off [XXX] near the intersection with [XXX].
The Waymo AV was traveling northwestbound in the right-most turn lane on an unnamed service road off [XXX] when it slowed at the intersection at [XXXX] to yield to northbound traffic in preparation for right turn onto northbound [XXX]. While the Waymo AV was slowing, a heavy truck that was stopped facing northwest in the left-most turn lane on the unnamed service road proceeded to turn right onto northbound [XXX] and crossed into the Waymo AV's lane of travel. The passenger side of the heavy truck made contact with the driver side of the Waymo AV. At the time of the impact, the Waymo AV's Level 4 ADS was engaged in autonomous mode. Both vehicles sustained damage.
Waymo is reporting this crash under Request No. 2 of Standing General Order 2021-01. Waymo may supplement or correct its reporting with additional information as it may become available.", ,True, ,AUSTIN,V2V Lateral,False,False,post_june16
30270-11297,1,Waymo LLC,Monthly,6.0,2025.0,JUL-2025,SADHW2S10R1,Y,,JAGUAR, ,I-PACE, ,2024, ,4ad5ae69bab291a,,"5th Generation ADS, Version 9", ,ADS,Verified Engaged,Waymo LLC, , ,Y, , , , , , , , , ,APR-2025, ,07:21, ,6a37da9018a1580,[MAY CONTAIN PERSONALLY IDENTIFIABLE INFORMATION], ,[MAY CONTAIN PERSONALLY IDENTIFIABLE INFORMATION], ,, ,Phoenix, ,AZ,, ,Parking Lot, , ,Y, , , , , , , ,Y, , , , , , , , ,"Other, see Narrative",Property Damage. No Injured Reported,"Other, see Narrative", , , , , , , , , , ,Y,Proceeding Straight,"No Subject Vehicle, No Crash Partner","No Subject Vehicle, No Crash Partner",Subject Vehicle - No Passenger In Vehicle,5, , , , , , , , , ,Y,Y, , , ,Y, ,Y, , , ,, ,Yes, ,"On April [XXX], 2025 at 7:21 AM MT a Waymo Autonomous Vehicle (""Waymo AV"") operating in Phoenix, Arizona was in a collision involving a chain at a parking lot entrance at [XXX]. 
The Waymo AV was traveling westbound on [XXX] when it made a left turn into a parking lot at [XXX]. As the Waymo AV proceeded to enter the parking lot, the front of the Waymo AV made contact with a chain hanging across the entrance to the parking lot. At the time of the impact, the Waymo AV's Level 4 ADS was engaged in autonomous mode. The chain sustained damage. Waymo became aware of damage to the chain on June 26th, 2025.
Waymo is reporting this crash under Request No. 2 of Standing General Order 2021-01. Waymo may supplement or correct its reporting with additional information as it may become available.", ,True, ,PHOENIX,Single Vehicle,False,False,post_june16
30270-11302,1,Waymo LLC,5-Day,,,JUL-2025,SADHW2S10R1,Y,,JAGUAR, ,I-PACE, ,2024, ,cc45bd074443153,,"5th Generation ADS, Version 10", ,ADS,Verified Engaged,Waymo LLC, , ,Y, , , , , , , , , ,JUL-2025, ,13:15, ,fe1703e2c778a2a,[MAY CONTAIN PERSONALLY IDENTIFIABLE INFORMATION], ,[MAY CONTAIN PERSONALLY IDENTIFIABLE INFORMATION], ,, ,, ,,, ,Intersection, , ,Y, , , , , ,Y, , , , , , , , , , ,Passenger Car,Property Damage. No Injured Reported,Making Left Turn, , , , , , , , ,Y, , ,Making Left Turn,"No Subject Vehicle, No Crash Partner","Yes Subject Vehicle, No Crash Partner",Subject Vehicle - All Belted,11, , , , ,Y, , , , , , , , , ,Y, ,Y, , , ,, ,Yes, ,"On July [XXX], 2025 at 1:15 PM PT a Waymo Autonomous Vehicle (""Waymo AV"") operating in Los Angeles, California was in a collision involving a passenger car on [XXX] at [XXX]. 
The Waymo AV was traveling northbound in the left turn lane on [XXX] when it proceeded to make a protected left turn at the intersection with [XXX]. As the Waymo AV was completing its turn onto the leftmost lane on westbound [XXX], a passenger car that was also making a left turn from northbound [XXX] approached the Waymo AV from behind and the front of the passenger car made contact with the rear driver side of the Waymo AV. At the time of the impact, the Waymo AV's Level 4 ADS was engaged in autonomous mode. Both vehicles sustained damage.
Waymo is reporting this crash under Request No. 1 of Standing General Order 2021-01 because a vehicle involved was towed away. Waymo may supplement or correct its reporting with additional information as it may become available.", ,False, ,LOS_ANGELES,V2V F2R,False,False,post_june16
30270-11323,1,Waymo LLC,5-Day,,,JUL-2025,SADHW2S11R1,Y,,JAGUAR, ,I-PACE, ,2024, ,c0243dee26386a3,,"5th Generation ADS, Version 10", ,ADS,Verified Engaged,Waymo LLC, , ,Y, , , , , , , , , ,JUL-2025, ,14:51, ,20f2a1906a9c5fe,[MAY CONTAIN PERSONALLY IDENTIFIABLE INFORMATION], ,[MAY CONTAIN PERSONALLY IDENTIFIABLE INFORMATION], ,, ,Tempe, ,AZ,, ,Street, , ,Y, , , , , ,Y, , , , , , , , , , ,Passenger Car,Minor W/O Hospitalization,Proceeding Straight, , , , , , , , ,Y, , ,Proceeding Straight,"No Subject Vehicle, No Crash Partner","Yes Subject Vehicle, Yes Crash Partner",Subject Vehicle - All Belted,16, , , , , , , ,Y, , , , , , ,Y, ,Y, , , ,,Y,Yes, ,"On July [XXX], 2025 at 2:51 PM MT a Waymo Autonomous Vehicle (""Waymo AV"") operating in Tempe, Arizona was in a collision involving a passenger car on [XXX] near [XXX]. 
The Waymo AV was traveling southbound in the right lane on [XXX], slowing for a queue of traffic near the intersection of [XXX]. A passenger car traveling southbound in the right lane on [XXX] approached the Waymo AV from behind, and the front of the passenger car made contact with the rear of the Waymo AV. At the time of the impact, the Waymo AV's Level 4 ADS was engaged in autonomous mode. Both vehicles sustained damage. The rider of the Waymo AV alleged a minor injury.
Waymo is reporting this crash under Request No. 1 of Standing General Order 2021-01 because a vehicle involved was towed away. Waymo may supplement or correct its reporting with additional information as it may become available.", ,False, ,PHOENIX,V2V F2R,True,True,post_june16
30270-11328,1,Waymo LLC,Monthly,7.0,2025.0,AUG-2025,SADHW2S16R1,Y,,JAGUAR, ,I-PACE, ,2024, ,64885a8e21861bf,,"5th Generation ADS, Version 10", ,ADS,Verified Engaged,Waymo LLC, , ,Y, , , , , , , , , ,JUL-2025, ,09:54, ,6ce1e94a8b179ea,[MAY CONTAIN PERSONALLY IDENTIFIABLE INFORMATION], ,[MAY CONTAIN PERSONALLY IDENTIFIABLE INFORMATION], ,, ,Austin, ,TX,, ,Intersection, , , , , , ,Y, , , ,Y, , , , , , , , ,Heavy Truck,Minor W/O Hospitalization,Proceeding Straight, , , , , , , , ,Y, , ,Stopped,"No Subject Vehicle, No Crash Partner","No Subject Vehicle, No Crash Partner",Subject Vehicle - All Belted,0, , , , , , , ,Y, , , , , , ,Y, ,Y, , , ,, ,Yes, ,"On July [XXX], 2025 at 9:54 AM CT a Waymo Autonomous Vehicle (""Waymo AV"") operating in Austin, Texas was in a collision involving a heavy truck on [XXX] at [XXX]. 
The Waymo AV was stopped facing west in the right lane on [XXX] for a red light at the intersection at [XXX]. When the traffic light turned green, the Waymo AV proceeded a short distance into the intersection, activated its left turn signal, and slowed to a stop. A box truck that was initially stopped directly behind the Waymo AV proceeded forward and the front of the box truck made contact with the rear of the Waymo AV. At the time of the impact, the Waymo AV's Level 4 ADS was engaged in autonomous mode. Both vehicles sustained damage.
Waymo is reporting this crash under Request No. 2 of Standing General Order 2021-01. Waymo may supplement or correct its reporting with additional information as it may become available.", ,False, ,AUSTIN,V2V F2R,True,True,post_june16
30270-11330,1,Waymo LLC,5-Day,,,JUL-2025,SADHW2S19R1,Y,,JAGUAR, ,I-PACE, ,2024, ,6783f8800de6b51,,"5th Generation ADS, Version 10", ,ADS,Verified Engaged,Waymo LLC, , ,Y, , , , , , , , , ,JUL-2025, ,01:42, ,c8bb4c6e5bf4622,[MAY CONTAIN PERSONALLY IDENTIFIABLE INFORMATION], ,[MAY CONTAIN PERSONALLY IDENTIFIABLE INFORMATION], ,, ,Austin, ,TX,, ,Street, , ,Y, , , , , ,Y, , , , , , , , , , ,Pickup Truck,Property Damage. No Injured Reported,Passing, , , , , , , ,Y, , , ,Parked,"No Subject Vehicle, No Crash Partner","Yes Subject Vehicle, No Crash Partner",Subject Vehicle - No Passenger In Vehicle,0, , , , ,Y, , , , , , , , , ,Y, ,Y, , , ,, ,Yes, ,"On July [XXX], 2025 at 1:42 AM CT a Waymo Autonomous Vehicle (""Waymo AV"") operating in Austin, Texas was in a collision involving a pickup truck on [XXX] near [XXX]. 
The Waymo AV was parked in-lane facing northeast on [XXX] with hazards activated for a passenger drop off. While the Waymo AV remained parked, a pickup truck that had been parked at the curb approached the Waymo AV from behind, and proceeded to pass to the left of the Waymo AV. As the pickup truck passed the Waymo AV, the passenger side of the pickup truck made contact with the rear driver side of the stationary Waymo AV. At the time of the impact, the Waymo AV's Level 4 ADS was engaged in autonomous mode. The Waymo AV sustained damage.
Waymo is reporting this crash under Request No. 1 of Standing General Order 2021-01 because a vehicle involved was towed away. Waymo may supplement or correct its reporting with additional information as it may become available.", ,True, ,AUSTIN,V2V Lateral,False,False,post_june16