Report ID,Report Version,Reporting Entity,Report Type,Report Month,Report Year,Report Submission Date,VIN,VIN Decoded,Serial Number,Make,Make - Unknown,Model,Model - Unknown,Model Year,Model Year - Unknown,Same Vehicle ID,Driver / Operator Type,Automation Feature Version,Automation Feature Version CBI,Automation System Engaged?,Engagement Status,Operating Entity,Operating Entity - Unknown,Source - Complaint/Claim,Source - Telematics,Source - Law Enforcement,Source - Field Report,Source - Testing,Source - Media,Source - Internal Process Review,Source - NHTSA VOQ,Source - Other - See Narrative,Source - Other Entity,Source - State or Other Agency,Incident Date,Incident Date - Unknown,Incident Time (24:00),Incident Time - Unknown,Same Incident ID,Latitude,Latitude - Unknown,Longitude,Longitude - Unknown,Address,Address - Unknown,City,City - Unknown,State,Zip Code,Zip Code - Unknown,Roadway Type,Roadway-Degraded Surface,Roadway-Missing/Degraded Marking,Roadway-No Unusual Conditions,Roadway-Other-See Narrative,Roadway-Traffic Incident,Roadway-Unknown,Roadway-Wet Surface Condition,Roadway-Work Zone,Weather - Clear,Weather - Snow,Weather - Cloudy,Weather - Partly Cloudy,Weather - Fog/Smoke/Haze,Weather - Rain,Weather - Severe Wind,Weather - Dust Storm,Weather - Severe Hurricane,Weather - Structure-Indoor,Weather - Unk - See Narrative,Crash With,Highest Injury Severity Alleged,CP Pre-Crash Movement,CP Contact Area - Rear Left,CP Contact Area - Left,CP Contact Area - Front Left,CP Contact Area - Rear,CP Contact Area - Top,CP Contact Area - Front,CP Contact Area - Rear Right,CP Contact Area - Right,CP Contact Area - Front Right,CP Contact Area - Bottom,CP Contact Area - Unknown,SV Pre-Crash Movement,Any Air Bags Deployed?,Was Any Vehicle Towed?,Were All Passengers Belted?,SV Precrash Speed (MPH),SV Pre-crash Speed - Unknown,SV Contact Area - Rear Left,SV Contact Area - Left,SV Contact Area - Front Left,SV Contact Area - Rear,SV Contact Area - Top,SV Contact Area - Front,SV Contact Area - Rear Right,SV Contact Area - Right,SV Contact Area - Front Right,SV Contact Area - Bottom,SV Contact Area - Unknown,Data Availability - EDR,Data Availability - Police Rpt,Data Availability - Telematics,Data Availability - Complaints,Data Availability - Video,Data Availability - Other,Data Availability - No Data,Data Availability - Unknown,Investigating Agency,Investigating Agency - Unknown,Within ODD?,Within ODD? - CBI,Narrative,Narrative - CBI?,hub_delta_v_less_than_1mph,hub_zip_code,hub_location,hub_crash_type,hub_is_police_reported,hub_is_any_injury_reported,data_period
30270-11334,1,Waymo LLC,Monthly,7.0,2025.0,AUG-2025,SADHW2S16R1,Y,,JAGUAR, ,I-PACE, ,2024, ,4b383048a5459f9,,"5th Generation ADS, Version 10", ,ADS,Verified Engaged,Waymo LLC, , ,Y, , , , , , , , , ,JUL-2025, ,23:11, ,f7c0fa588971e0d,[MAY CONTAIN PERSONALLY IDENTIFIABLE INFORMATION], ,[MAY CONTAIN PERSONALLY IDENTIFIABLE INFORMATION], ,, ,Mesa, ,AZ,, ,Street, , , , , , ,Y, , , , , , ,Y, , , , , ,Other Fixed Object,Property Damage. No Injured Reported,,,,,,,,,,,,,Making U-Turn,"No Subject Vehicle, No Crash Partner","No Subject Vehicle, No Crash Partner",Subject Vehicle - No Passenger In Vehicle,4, , , , , , , , , , ,Y, , , ,Y, ,Y, , , ,, ,Yes, ,"On July [XXX], 2025 at 11:11 PM MT a Waymo Autonomous Vehicle (""Waymo AV"") operating in Mesa, Arizona made contact with the raised pavement of a median on [XXX] near [XXX]. 
The Waymo AV was stopped facing east in the rightmost lane at an active railroad crossing on [XXX], where the train appeared to be stopped on the tracks. While the railroad gate remained down, the Waymo AV initiated a U-turn onto westbound [XXX] and proceeded across the second from the right and the leftmost lane of eastbound [XXX]. As the Waymo AV was completing its U-turn, the undercarriage of the Waymo AV made contact with the concrete median between eastbound and westbound [XXX].  At the time of the impact, the Waymo AV's Level 4 ADS was engaged in autonomous mode. The Waymo AV sustained damage.
Waymo is reporting this crash under Request No. 2 of Standing General Order 2021-01. Waymo may supplement or correct its reporting with additional information as it may become available.", ,False, ,PHOENIX,Single Vehicle,False,False,post_june16
30270-11361,1,Waymo LLC,Monthly,7.0,2025.0,AUG-2025,SADHW2S19M1,Y,,JAGUAR, ,I-PACE, ,2021, ,275f73fb6f3996f,,"5th Generation ADS, Version 10", ,ADS,Verified Engaged,Waymo LLC, , ,Y, , , , , , , , , ,JUL-2025, ,18:20, ,3aaa6f68cd36c6a,[MAY CONTAIN PERSONALLY IDENTIFIABLE INFORMATION], ,[MAY CONTAIN PERSONALLY IDENTIFIABLE INFORMATION], ,, ,Mesa, ,AZ,, ,Street, , ,Y, , , , , ,Y, , , , , , , , , , ,"Other, see Narrative",Unknown,"Other, see Narrative", , , , , , , , , , ,Y,Proceeding Straight,"No Subject Vehicle, No Crash Partner","No Subject Vehicle, No Crash Partner",Subject Vehicle - All Belted,4, , , , , , , , , ,Y, , , , ,Y, ,Y, , , ,, ,Yes, ,"On July [XXX], 2025 at 6:20 PM MT a Waymo Autonomous Vehicle (""Waymo AV"") operating in Mesa, Arizona was in a collision involving a detached object from a pickup truck on [XXX] at [XXX]. 
The Waymo AV was traveling northbound in the left turn lane on [XXX] and slowing for a queue of traffic at the intersection with [XXX]. A pickup truck was traveling southbound in the leftmost lane on the west side of [XXX] without its rear driver side tire. As the SUV continued to proceed straight, an object detached from the pickup truck's rear axle and rolled into the Waymo AV's lane of travel, making contact with the front of the Waymo AV. At the time of the impact, the Waymo AV's Level 4 ADS was engaged in autonomous mode. The Waymo AV sustained damage. The passenger in the Waymo AV later alleged an injury of unspecified nature and severity.
Waymo is reporting this crash under Request No. 2 of Standing General Order 2021-01. Waymo may supplement or correct its reporting with additional information as it may become available.", ,True, ,PHOENIX,Single Vehicle,False,True,post_june16
30270-11370,1,Waymo LLC,5-Day,,,JUL-2025,SADHW2S16R1,Y,,JAGUAR, ,I-PACE, ,2024, ,8ce5535f8a34a72,,"5th Generation ADS, Version 10", ,ADS,Verified Engaged,Waymo LLC, , ,Y, , , , , , , , , ,JUL-2025, ,19:59, ,48d2d114d2ccebf,[MAY CONTAIN PERSONALLY IDENTIFIABLE INFORMATION], ,[MAY CONTAIN PERSONALLY IDENTIFIABLE INFORMATION], ,, ,Scottsdale, ,AZ,, ,Street, , ,Y, , , , , ,Y, , , , , , , , , , ,Passenger Car,Property Damage. No Injured Reported,Proceeding Straight, , , , , , , , ,Y, , ,Proceeding Straight,"Yes Crash Partner, No Subject Vehicle","Yes Subject Vehicle, No Crash Partner",Subject Vehicle - All Belted,1, , , , , , , ,Y, , , , , , ,Y, ,Y, , , ,, ,Yes, ,"On July [XXX], 2025 at 7:59 PM MT a Waymo Autonomous Vehicle (""Waymo AV"") operating in Scottsdale, Arizona was in a collision involving a passenger car on [XXX] at [XXX]. 
The Waymo AV was stopped in a queue of traffic facing west in the left-turn lane on [XXX] for a red traffic light at the intersection with [XXX]. When the traffic light turned green, the Waymo AV began to proceed forward with the queue of traffic, then slowed behind a passenger car that was waiting in the turn lane to make the unprotected left turn. While the Waymo AV was slowing, a passenger car that was initially stopped directly behind the Waymo AV approached the Waymo AV from behind and the front of the passenger car made contact with the rear of the Waymo AV. At the time of the impact, the Waymo AV's Level 4 ADS was engaged in autonomous mode. Both vehicles sustained damage.
Waymo is reporting this crash under Request No. 1 of Standing General Order 2021-01 because a vehicle involved was towed away and because of airbag deployment. Waymo may supplement or correct its reporting with additional information as it may become available.", ,False, ,PHOENIX,V2V F2R,True,False,post_june16
30270-11371,1,Waymo LLC,Monthly,7.0,2025.0,AUG-2025,SADHW2S11R1,Y,,JAGUAR, ,I-PACE, ,2024, ,bc77946c8b91c85,,"5th Generation ADS, Version 10", ,ADS,Verified Engaged,Waymo LLC, , ,Y, , , , , , , , , ,JUL-2025, ,12:07, ,dc7fb5b0ec6313a,[MAY CONTAIN PERSONALLY IDENTIFIABLE INFORMATION], ,[MAY CONTAIN PERSONALLY IDENTIFIABLE INFORMATION], ,, ,Austin, ,TX,, ,Intersection, , ,Y, , , , , ,Y, , , , , , , , , , ,Passenger Car,Property Damage. No Injured Reported,Proceeding Straight, , , , , , , , ,Y, , ,Making Right Turn,"No Subject Vehicle, No Crash Partner","No Subject Vehicle, No Crash Partner",Subject Vehicle - No Passenger In Vehicle,1, , , , , , , ,Y, , , , , , ,Y, ,Y, , , ,, ,Yes, ,"On July [XXX], 2025 at 12:07 PM CT a Waymo Autonomous Vehicle (""Waymo AV"") operating in Austin, Texas was in a collision involving a passenger car on [XXX] at [XXX]. 
The Waymo AV was stopped facing southwest on [XXX] in a queue of traffic for a red light at the intersection of [XXX] with its right turn signal activated in preparation to make a right turn onto northwestbound [XXX]. As traffic ahead advanced, the Waymo AV initially proceeded forward and then began to slow down to yield to a pedestrian that was crossing [XXX] within the marked crosswalk. While the Waymo AV was slowing, a passenger car that was initially stopped directly behind the Waymo AV approached the Waymo AV from behind and the front of the passenger car made contact with the rear of the Waymo AV. At the time of the impact, the Waymo AV's Level 4 ADS was engaged in autonomous mode. Both vehicles sustained damage.
Waymo is reporting this crash under Request No. 2 of Standing General Order 2021-01. Waymo may supplement or correct its reporting with additional information as it may become available.", ,False, ,AUSTIN,V2V F2R,False,False,post_june16
30270-11379,1,Waymo LLC,Monthly,7.0,2025.0,AUG-2025,SADHW2S15M1,Y,,JAGUAR, ,I-PACE, ,2021, ,a716fa442f09994,,"5th Generation ADS, Version 10", ,ADS,Verified Engaged,Waymo LLC, , ,Y, , , , , , , , , ,JUL-2025, ,00:16, ,8c9eb6fcf48d32c,[MAY CONTAIN PERSONALLY IDENTIFIABLE INFORMATION], ,[MAY CONTAIN PERSONALLY IDENTIFIABLE INFORMATION], ,, ,Tempe, ,AZ,, ,Parking Lot, , , ,Y, , , , ,Y, , , , , , , , , , ,Other Fixed Object,Property Damage. No Injured Reported,,,,,,,,,,,,,Proceeding Straight,"No Subject Vehicle, No Crash Partner","No Subject Vehicle, No Crash Partner",Subject Vehicle - No Passenger In Vehicle,7, , , , , , , , , ,Y,Y, , , ,Y, ,Y, , , ,, ,Yes, ,"On July [XXX], 2025 at 12:16 AM MT a Waymo Autonomous Vehicle (""Waymo AV"") operating in Tempe, Arizona was in a collision involving a small piece of concrete at a parking lot at [XXX]. 
The Waymo AV was stopped facing north at the entrance of a parking lot at [XXX] for a passenger drop-off. After the passengers had exited, the Waymo AV traveled northbound to enter the parking lot and the front and undercarriage of the Waymo AV made contact with a small piece of concrete on the pavement in the center of the driveway and attached to a chain at the entrance of the parking lot. At the time of the impact, the Waymo AV's Level 4 ADS was engaged in autonomous mode. The Waymo AV sustained damage.
Waymo is reporting this crash under Request No. 2 of Standing General Order 2021-01. Waymo may supplement or correct its reporting with additional information as it may become available.", ,True, ,PHOENIX,Single Vehicle,False,False,post_june16
30270-11381,1,Waymo LLC,Monthly,7.0,2025.0,AUG-2025,SADHW2S11R1,Y,,JAGUAR, ,I-PACE, ,2024, ,4acbf8aad5f8aa1,,"5th Generation ADS, Version 10", ,ADS,Verified Engaged,Waymo LLC, , ,Y, , , , , , , , , ,JUL-2025, ,01:12, ,92261685790d7b9,[MAY CONTAIN PERSONALLY IDENTIFIABLE INFORMATION], ,[MAY CONTAIN PERSONALLY IDENTIFIABLE INFORMATION], ,, ,Scottsdale, ,AZ,, ,Intersection, , ,Y, , , , , ,Y, , , , , , , , , , ,Passenger Car,Property Damage. No Injured Reported,Making Left Turn, , , , , ,Y, , , , , ,Proceeding Straight,"No Subject Vehicle, No Crash Partner","No Subject Vehicle, No Crash Partner",Subject Vehicle - No Passenger In Vehicle,22, , , , ,Y, , , , , , , , , ,Y, ,Y, , , ,Scottsdale Police Department, ,Yes, ,"On July [XXX], 2025 at 1:12 AM MT a Waymo Autonomous Vehicle (""Waymo AV"") operating in Scottsdale, Arizona was in a collision involving a passenger car on [XXX] at [XXX]. 
The Waymo AV was stopped facing north in the second from the right lane on [XXX] for a red light at the intersection at [XXX]. When the light turned green, the Waymo AV proceeded straight, and a passenger car that was facing south in the left turn lane on [XXX] proceeded to make an unprotected left turn onto eastbound [XXX]. As the passenger car crossed into the Waymo AV's lane of travel, the Waymo maneuvered to the right and the front driver side of the passenger car made contact with the rear driver side of the Waymo AV. At the time of the impact, the Waymo AV's Level 4 ADS was engaged in autonomous mode. Both vehicles sustained damage.
Waymo is reporting this crash under Request No. 2 of Standing General Order 2021-01. Waymo may supplement or correct its reporting with additional information as it may become available.", ,False, ,PHOENIX,V2V Intersection,True,False,post_june16
30270-11383,1,Waymo LLC,5-Day,,,JUL-2025,SADHW2S1XR1,Y,,JAGUAR, ,I-PACE, ,2024, ,862fc71b43699a6,,"5th Generation ADS, Version 10", ,ADS,Verified Engaged,Waymo LLC, , ,Y, , , , , , , , , ,JUL-2025, ,10:07, ,0b18a507fa15dc4,[MAY CONTAIN PERSONALLY IDENTIFIABLE INFORMATION], ,[MAY CONTAIN PERSONALLY IDENTIFIABLE INFORMATION], ,, ,Atlanta, ,GA,, ,Street, , ,Y, , , , , , , ,Y, , , , , , , , ,Passenger Car,Property Damage. No Injured Reported,Changing Lanes, , , , , , , ,Y, , , ,Proceeding Straight,"No Subject Vehicle, No Crash Partner","Yes Subject Vehicle, No Crash Partner",Subject Vehicle - No Passenger In Vehicle,23, , , , , , ,Y, , , , , , , ,Y, ,Y, , , ,, ,Yes, ,"On July [XXX], 2025 at 10:07 AM ET a Waymo Autonomous Vehicle (""Waymo AV"") operating in Atlanta, Georgia was in a collision involving a passenger car on [XXX] near [XXX]. 
The Waymo AV was traveling northbound on [XXX] in the rightmost lane. A passenger car, which was traveling behind an SUV heading northbound on [XXX] that had stopped in the second to the right lane, braked and maneuvered into the Waymo AV's lane of travel (the rightmost lane). The passenger side of the passenger car made contact with the front driver side of the Waymo AV. At the time of the impact, the Waymo AV's Level 4 ADS was engaged in autonomous mode. Both the passenger car and the Waymo AV sustained damage.
Waymo is reporting this crash under Request No. 1 of Standing General Order 2021-01 because a vehicle involved was towed away. Waymo may supplement or correct its reporting with additional information as it may become available.", ,False, ,ATLANTA,V2V Lateral,True,False,post_june16
30270-11412,1,Waymo LLC,Monthly,7.0,2025.0,AUG-2025,SADHW2S15R1,Y,,JAGUAR, ,I-PACE, ,2024, ,86ebcd25fb576c4,,"5th Generation ADS, Version 10", ,ADS,Verified Engaged,Waymo LLC, , ,Y, , , , , , , , , ,JUL-2025, ,23:39, ,30dc6085adb052c,[MAY CONTAIN PERSONALLY IDENTIFIABLE INFORMATION], ,[MAY CONTAIN PERSONALLY IDENTIFIABLE INFORMATION], ,, ,Tempe, ,AZ,, ,Street, , ,Y, , , , , ,Y, , , , , , , , , , ,Passenger Car,Property Damage. No Injured Reported,Crossing into Opposing Lane, ,Y, , , , , , , , , ,Stopped,"No Subject Vehicle, No Crash Partner","No Subject Vehicle, No Crash Partner",Subject Vehicle - All Belted,0, , ,Y, , , , , , , , , , , ,Y, ,Y, , , ,Tempe Police Department, ,Yes, ,"On July [XXX], 2025 at 11:39 PM MT a Waymo Autonomous Vehicle (""Waymo AV"") operating in Tempe, Arizona was in a collision involving a passenger car on [XXX] near [XXX].
The Waymo AV was traveling southbound on [XXX] and slowing to a stop in response to a passenger car that was traveling westbound on [XXX] and turning right onto northbound [XXX]. As the passenger car was completing its turn, it crossed the center line into the Waymo AV's lane of travel and the driver side of the passenger car made contact with the driver side of the stationary Waymo AV. At the time of the impact, the Waymo AV's Level 4 ADS was engaged in autonomous mode. Both vehicles sustained damage.
Waymo is reporting this crash under Request No. 2 of Standing General Order 2021-01. Waymo may supplement or correct its reporting with additional information as it may become available.", ,False, ,PHOENIX,V2V Head-on,True,False,post_june16
30270-11417,1,Waymo LLC,5-Day,,,AUG-2025,SADHW2S18R1,Y,,JAGUAR, ,I-PACE, ,2024, ,4fae7ee0ca48ec4,,"5th Generation ADS, Version 10", ,ADS,Verified Engaged,Waymo LLC, , ,Y, , , , , , , , , ,JUL-2025, ,01:35, ,9616ae79138526d,[MAY CONTAIN PERSONALLY IDENTIFIABLE INFORMATION], ,[MAY CONTAIN PERSONALLY IDENTIFIABLE INFORMATION], ,, ,Phoenix, ,AZ,, ,Street, , ,Y, , , , , ,Y, , , , , , , , , , ,Passenger Car,Property Damage. No Injured Reported,Traveling Wrong Way, , ,Y, , , , , , , , ,Proceeding Straight,"No Subject Vehicle, No Crash Partner","Yes Subject Vehicle, No Crash Partner",Subject Vehicle - All Belted,12, , , ,Y, , , , , , , , , , ,Y, ,Y, , , ,Phoenix Police Department, ,Yes, ,"On July [XXX], 2025 at 1:35 AM MT a Waymo Autonomous Vehicle (""Waymo AV"") operating in Phoenix, Arizona was in a collision involving a passenger car on [XXX] near the [XXX] entrance.
The Waymo AV was traveling northeastbound on [XXX] in the right lane. A passenger car was traveling southwestbound on the wrong side of median-divided [XXX], directly in the Waymo AV's lane of travel.  The Waymo AV braked and initially maneuvered left to avoid the oncoming passenger car. However, the passenger car continued to proceed, maneuvering towards the Waymo AV. The Waymo AV then continued to brake and maneuvered back to the right, to again attempt to avoid the passenger car, but the passenger car once more maneuvered towards the Waymo AV. As the Waymo AV continued to brake and the passenger car continued off the southeast side of [XXX], the front passenger side of the passenger car made contact with the front passenger side of the Waymo AV. At the time of the impact, the Waymo AV's Level 4 ADS was engaged in autonomous mode. Both vehicles sustained damage.
Waymo is reporting this crash under Request No. 1 of Standing General Order 2021-01 because a vehicle involved was towed away. Waymo may supplement or correct its reporting with additional information as it may become available.", ,False, ,PHOENIX,V2V Head-on,True,False,post_june16
30270-11419,1,Waymo LLC,Monthly,7.0,2025.0,AUG-2025,SADHW2S13R1,Y,,JAGUAR, ,I-PACE, ,2024, ,df813095ba967dd,In-Vehicle (Commercial / Test),"5th Generation ADS, Version 10", ,ADS,Verified Not Engaged,Waymo LLC, , ,Y, , , , , , , , , ,JUL-2025, ,19:36, ,65f46e4ce0abf66,[MAY CONTAIN PERSONALLY IDENTIFIABLE INFORMATION], ,[MAY CONTAIN PERSONALLY IDENTIFIABLE INFORMATION], ,, ,Austin, ,TX,, ,Parking Lot, , ,Y, , , , , ,Y, , , , , , , , , , ,Other Fixed Object,Property Damage. No Injured Reported,,,,,,,,,,,,,Proceeding Straight,"No Subject Vehicle, No Crash Partner","Yes Crash Partner, No Subject Vehicle",Subject Vehicle - All Belted,3, , , , , ,Y, , , , , , , , ,Y, ,Y, , , ,, ,Yes, ,"On July [XXX], 2025 at 7:36 PM CT a Waymo Autonomous Vehicle (""Waymo AV"") operating in Austin, Texas was in a collision involving the roof of a covered parking stall at [XXX]. 
The Waymo AV was traveling northwestbound in a parking lot at [XXX] when the test driver transitioned the Waymo AV to manual mode. The test driver proceeded to make a right turn into a covered parking stall and the sensor mounted on the roof of the Waymo AV made contact with the front edge of the roof covering the parking stall. At the time of the impact, the Waymo AV's Level 4 ADS was not engaged and a test driver was operating the Waymo AV in manual mode. The Waymo AV sustained damage.
Waymo is reporting this crash under Request No. 2 of Standing General Order 2021-01.  Waymo may supplement or correct its reporting with additional information as it may become available.", ,,,,,,,post_june16
30270-11424,1,Waymo LLC,5-Day,,,AUG-2025,SADHW2S15R1,Y,,JAGUAR, ,I-PACE, ,2024, ,62b4cc3ccf82b8e,,"5th Generation ADS, Version 10", ,ADS,Verified Engaged,Waymo LLC, , ,Y, , , , , , , , , ,JUL-2025, ,13:27, ,5f502707c16ba16,[MAY CONTAIN PERSONALLY IDENTIFIABLE INFORMATION], ,[MAY CONTAIN PERSONALLY IDENTIFIABLE INFORMATION], ,, ,Phoenix, ,AZ,, ,Parking Lot, , ,Y, , , , , ,Y, , , , , , , , , , ,SUV,Property Damage. No Injured Reported,Backing, , , , , , , ,Y, , , ,Proceeding Straight,"No Subject Vehicle, No Crash Partner","Yes Subject Vehicle, Yes Crash Partner",Subject Vehicle - No Passenger In Vehicle,5, , , , , , ,Y, , , , , , , ,Y, ,Y, , , ,, ,Yes, ,"On July [XXX], 2025 at 1:27 PM MT two Waymo Autonomous Vehicles (""Waymo AV"") operating in Phoenix, Arizona were involved in a collision in the West Parking Lot off of [XXX] at the [XXX].
The Waymo AV was parked facing north in a parking stall in the West Parking Lot off of [XXX]. The Waymo AV proceeded to reverse to exit the parking stall, and came to a stop, preparing to maneuver forward and to the left. While the Waymo AV was stopped, a second Waymo AV ([XXX]) that was parked in the left adjacent parking stall proceeded to reverse to exit its parking stall. While the second Waymo AV was reversing, the initial Waymo AV proceeded forward and the front left of the Waymo AV made contact with the right side of the second Waymo AV. At the time of the impact, both Waymo AV's Level 4 ADS were engaged in autonomous mode. Both vehicles sustained damage.
Waymo is reporting this crash under Request No. 1 of Standing General Order 2021-01 because a vehicle involved was towed away. Waymo may supplement or correct its reporting with additional information as it may become available.", ,False, ,PHOENIX,V2V Backing,False,False,post_june16
30270-11424,1,Waymo LLC,5-Day,,,AUG-2025,SADHW2S15R1,Y,,JAGUAR, ,I-PACE, ,2024, ,62b4cc3ccf82b8e,,"5th Generation ADS, Version 10", ,ADS,Verified Engaged,Waymo LLC, , ,Y, , , , , , , , , ,JUL-2025, ,13:27, ,5f502707c16ba16,[MAY CONTAIN PERSONALLY IDENTIFIABLE INFORMATION], ,[MAY CONTAIN PERSONALLY IDENTIFIABLE INFORMATION], ,, ,Phoenix, ,AZ,, ,Parking Lot, , ,Y, , , , , ,Y, , , , , , , , , , ,SUV,Property Damage. No Injured Reported,Backing, , , , , , , ,Y, , , ,Proceeding Straight,"No Subject Vehicle, No Crash Partner","Yes Subject Vehicle, Yes Crash Partner",Subject Vehicle - No Passenger In Vehicle,5, , , , , , ,Y, , , , , , , ,Y, ,Y, , , ,, ,Yes, ,"On July [XXX], 2025 at 1:27 PM MT two Waymo Autonomous Vehicles (""Waymo AV"") operating in Phoenix, Arizona were involved in a collision in the West Parking Lot off of [XXX] at the [XXX].
The Waymo AV was parked facing north in a parking stall in the West Parking Lot off of [XXX]. The Waymo AV proceeded to reverse to exit the parking stall, and came to a stop, preparing to maneuver forward and to the left. While the Waymo AV was stopped, a second Waymo AV ([XXX]) that was parked in the left adjacent parking stall proceeded to reverse to exit its parking stall. While the second Waymo AV was reversing, the initial Waymo AV proceeded forward and the front left of the Waymo AV made contact with the right side of the second Waymo AV. At the time of the impact, both Waymo AV's Level 4 ADS were engaged in autonomous mode. Both vehicles sustained damage.
Waymo is reporting this crash under Request No. 1 of Standing General Order 2021-01 because a vehicle involved was towed away. Waymo may supplement or correct its reporting with additional information as it may become available.", ,False, ,PHOENIX,V2V Backing,False,False,post_june16
30270-11426,1,Waymo LLC,Monthly,7.0,2025.0,AUG-2025,SADHW2S10R1,Y,,JAGUAR, ,I-PACE, ,2024, ,3d21ad706a5bd24,,"5th Generation ADS, Version 10", ,ADS,Verified Engaged,Waymo LLC, , ,Y, , , , , , , , , ,JUL-2025, ,11:40, ,0f38605821106e8,[MAY CONTAIN PERSONALLY IDENTIFIABLE INFORMATION], ,[MAY CONTAIN PERSONALLY IDENTIFIABLE INFORMATION], ,, ,Tempe, ,AZ,, ,Parking Lot, , ,Y, , , , , ,Y, , , , , , , , , , ,"Other, see Narrative",Property Damage. No Injured Reported,"Other, see Narrative", , , , , , , , , , ,Y,Proceeding Straight,"No Subject Vehicle, No Crash Partner","No Subject Vehicle, No Crash Partner",Subject Vehicle - Not Belted - see Narrative,5, , , , , , ,Y, , , , , , , ,Y, ,Y, , , ,, ,Yes, ,"On July [XXX], 2025 at 11:40 AM MT a Waymo Autonomous Vehicle (""Waymo AV"") operating in Tempe, Arizona was in a collision involving a line of shopping carts in a parking lot at [XXX]. 
The Waymo was parked at the curb facing south in a parking lot at [XXX] for a passenger pick-up. The AV completed its pick-up and began moving forward as a pedestrian pushing a line of shopping carts towards the curb approached the AV from the left. As the Waymo AV began moving forward, the pedestrian continued pushing the shopping carts forward and the front left of the Waymo AV made contact with the shopping carts. At the time of the impact, the Waymo AV's Level 4 ADS was engaged in autonomous mode. The Waymo AV sustained damage. The passenger was not belted at the time of the collision, having just entered the vehicle.
Waymo is reporting this crash under Request No. 2 of Standing General Order 2021-01. Waymo may supplement or correct its reporting with additional information as it may become available.", ,True, ,PHOENIX,Single Vehicle,False,False,post_june16
30270-11432,1,Waymo LLC,5-Day,,,AUG-2025,SADHW2S17R1,Y,,JAGUAR, ,I-PACE, ,2024, ,faeadd65924ac65,,"5th Generation ADS, Version 10", ,ADS,Verified Engaged,Waymo LLC, , ,Y, , , , , , , , , ,JUL-2025, ,10:25, ,85d987a89324cae,[MAY CONTAIN PERSONALLY IDENTIFIABLE INFORMATION], ,[MAY CONTAIN PERSONALLY IDENTIFIABLE INFORMATION], ,, ,Phoenix, ,AZ,, ,Parking Lot, , ,Y, , , , , ,Y, , , , , , , , , , ,Heavy Truck,Property Damage. No Injured Reported,Making Right Turn, , , , , , , ,Y, , , ,Making Right Turn,"No Subject Vehicle, No Crash Partner","Yes Subject Vehicle, No Crash Partner",Subject Vehicle - No Passenger In Vehicle,3, , ,Y, , , , , , , , , , , ,Y, ,Y, , , ,Phoenix Police Department, ,Yes, ,"On July [XXX], 2025 at 10:25 AM MT a Waymo Autonomous Vehicle (""Waymo AV"") operating in Phoenix, Arizona was in a collision involving a heavy truck in a parking lot at [XXX]. 
The Waymo AV was stopped facing north at the exit of a parking lot at [XXX]. At the same time, a semi tractor-trailer was incorrectly stopped to the left of the Waymo AV in the entrance lane of the parking lot driveway. The Waymo AV waited for a pedestrian to finish crossing the driveway before initiating a right turn onto eastbound [XXX]. As the Waymo AV proceeded forward into the turn, the semi tractor-trailer initiated a right turn onto eastbound [XXX] from the entrance lane of the parking lot driveway. The right side of the trailer then made contact with the left side of the Waymo AV. At the time of the impact, the Waymo AV's Level 4 ADS was engaged in autonomous mode. The Waymo AV sustained damage.
Waymo is reporting this crash under Request No. 1 of Standing General Order 2021-01 because a vehicle involved was towed away. Waymo may supplement or correct its reporting with additional information as it may become available.", ,True, ,PHOENIX,V2V Lateral,True,False,post_june16