Report ID,Report Version,Reporting Entity,Report Type,Report Month,Report Year,Report Submission Date,VIN,VIN Decoded,Serial Number,Make,Make - Unknown,Model,Model - Unknown,Model Year,Model Year - Unknown,Same Vehicle ID,Driver / Operator Type,Automation Feature Version,Automation Feature Version CBI,Automation System Engaged?,Engagement Status,Operating Entity,Operating Entity - Unknown,Source - Complaint/Claim,Source - Telematics,Source - Law Enforcement,Source - Field Report,Source - Testing,Source - Media,Source - Internal Process Review,Source - NHTSA VOQ,Source - Other - See Narrative,Source - Other Entity,Source - State or Other Agency,Incident Date,Incident Date - Unknown,Incident Time (24:00),Incident Time - Unknown,Same Incident ID,Latitude,Latitude - Unknown,Longitude,Longitude - Unknown,Address,Address - Unknown,City,City - Unknown,State,Zip Code,Zip Code - Unknown,Roadway Type,Roadway-Degraded Surface,Roadway-Missing/Degraded Marking,Roadway-No Unusual Conditions,Roadway-Other-See Narrative,Roadway-Traffic Incident,Roadway-Unknown,Roadway-Wet Surface Condition,Roadway-Work Zone,Weather - Clear,Weather - Snow,Weather - Cloudy,Weather - Partly Cloudy,Weather - Fog/Smoke/Haze,Weather - Rain,Weather - Severe Wind,Weather - Dust Storm,Weather - Severe Hurricane,Weather - Structure-Indoor,Weather - Unk - See Narrative,Crash With,Highest Injury Severity Alleged,CP Pre-Crash Movement,CP Contact Area - Rear Left,CP Contact Area - Left,CP Contact Area - Front Left,CP Contact Area - Rear,CP Contact Area - Top,CP Contact Area - Front,CP Contact Area - Rear Right,CP Contact Area - Right,CP Contact Area - Front Right,CP Contact Area - Bottom,CP Contact Area - Unknown,SV Pre-Crash Movement,Any Air Bags Deployed?,Was Any Vehicle Towed?,Were All Passengers Belted?,SV Precrash Speed (MPH),SV Pre-crash Speed - Unknown,SV Contact Area - Rear Left,SV Contact Area - Left,SV Contact Area - Front Left,SV Contact Area - Rear,SV Contact Area - Top,SV Contact Area - Front,SV Contact Area - Rear Right,SV Contact Area - Right,SV Contact Area - Front Right,SV Contact Area - Bottom,SV Contact Area - Unknown,Data Availability - EDR,Data Availability - Police Rpt,Data Availability - Telematics,Data Availability - Complaints,Data Availability - Video,Data Availability - Other,Data Availability - No Data,Data Availability - Unknown,Investigating Agency,Investigating Agency - Unknown,Within ODD?,Within ODD? - CBI,Narrative,Narrative - CBI?,hub_delta_v_less_than_1mph,hub_zip_code,hub_location,hub_crash_type,hub_is_police_reported,hub_is_any_injury_reported,data_period
30270-11611,1,Waymo LLC,Monthly,8.0,2025.0,SEP-2025,SADHW2S1XR1,Y,,JAGUAR, ,I-PACE, ,2024, ,00913b2756064ea,,"5th Generation ADS, Version 10", ,ADS,Verified Engaged,Waymo LLC, , ,Y, , , , , , , , , ,AUG-2025, ,12:15, ,1f6a25a981ec43b,[MAY CONTAIN PERSONALLY IDENTIFIABLE INFORMATION], ,[MAY CONTAIN PERSONALLY IDENTIFIABLE INFORMATION], ,, ,Phoenix, ,AZ,, ,Street, , ,Y, , , , , ,Y, , , , , , , , , , ,Pickup Truck,Property Damage. No Injured Reported,Proceeding Straight, , , , , , , , ,Y, , ,Changing Lanes,"No Subject Vehicle, No Crash Partner","No Subject Vehicle, No Crash Partner",Subject Vehicle - No Passenger In Vehicle,2, ,Y, , , , , , , , , , , , ,Y, ,Y, , , ,, ,Yes, ,"On August [XXX], 2025 at 12:15 PM MT a Waymo Autonomous Vehicle (""Waymo AV"") operating in Phoenix, Arizona was in a collision involving a pickup truck on [XXX] near [XXX]. 
The Waymo AV was traveling northbound on [XXX] in the second from the right lane when it began to change lanes to the rightmost lane. As the Waymo AV was completing the lane change maneuver, a pickup truck that was stopped in the rightmost lane facing north behind and to the right of the Waymo AV proceeded forward, and the front of the pickup truck made contact with the rear right side of the Waymo AV. At the time of the impact, the Waymo AV's Level 4 ADS was engaged in autonomous mode. Both vehicles sustained damage.
Waymo is reporting this crash under Request No. 2 of Standing General Order 2021-01. Waymo may supplement or correct its reporting with additional information as it may become available.", ,False, ,PHOENIX,V2V Lateral,False,False,post_june16
30270-11612,1,Waymo LLC,5-Day,,,SEP-2025,SADHW2S13R1,Y,,JAGUAR, ,I-PACE, ,2024, ,075e604001abb0b,,"5th Generation ADS, Version 10", ,ADS,Verified Engaged,Waymo LLC, , ,Y, , , , , , , , , ,SEP-2025, ,18:41, ,71db0433e9fe6dd,[MAY CONTAIN PERSONALLY IDENTIFIABLE INFORMATION], ,[MAY CONTAIN PERSONALLY IDENTIFIABLE INFORMATION], ,, ,Austin, ,TX,, ,Intersection, , ,Y, , , , , ,Y, , , , , , , , , , ,SUV,Property Damage. No Injured Reported,Proceeding Straight, , , , , , , ,Y, , , ,Making Left Turn,"No Subject Vehicle, No Crash Partner","Yes Subject Vehicle, No Crash Partner",Subject Vehicle - No Passenger In Vehicle,14, , ,Y, , , , , ,Y, , , , , ,Y, ,Y, , , ,Austin Police Department, ,Yes, ,"On September [XXX], 2025 at 6:41 PM CT a Waymo Autonomous Vehicle (""Waymo AV"") operating in Austin, Texas was in a collision involving an SUV on [XXX] at [XXX]. 
The Waymo AV was traveling northwestbound on [XXX] with its left turn signal activated in the second from the left lane, which is a designated left turn and through lane. An SUV was traveling northwestbound in the adjacent leftmost lane, which is a designated left turn-only lane. As the Waymo AV and the SUV entered the intersection at [XXX], the Waymo AV began to turn left and the SUV in the left turn-only lane continued to proceed forward without turning left. The right side of the SUV made contact with the left side of the Waymo AV. At the time of the impact, the Waymo AV's Level 4 ADS was engaged in autonomous mode. The Waymo AV sustained damage.
Waymo is reporting this crash under Request No. 1 of Standing General Order 2021-01 because a vehicle involved was towed away. Waymo may supplement or correct its reporting with additional information as it may become available.", ,False, ,AUSTIN,V2V Intersection,True,False,post_june16
30270-11621,1,Waymo LLC,Monthly,8.0,2025.0,SEP-2025,SADHW2S16R1,Y,,JAGUAR, ,I-PACE, ,2024, ,4344243e551758a,,"5th Generation ADS, Version 10", ,ADS,Verified Engaged,Waymo LLC, , ,Y, , , , , , , , , ,AUG-2025, ,21:21, ,6cae2a7397f4f92,[MAY CONTAIN PERSONALLY IDENTIFIABLE INFORMATION], ,[MAY CONTAIN PERSONALLY IDENTIFIABLE INFORMATION], ,, ,Phoenix, ,AZ,, ,Intersection, , ,Y, , , , , ,Y, , , , , , , , , , ,Passenger Car,Property Damage. No Injured Reported,Changing Lanes, , , , , ,Y, , , , , ,Proceeding Straight,"No Subject Vehicle, No Crash Partner","No Subject Vehicle, No Crash Partner",Subject Vehicle - No Passenger In Vehicle,32, , , , , , , , ,Y, , , , , ,Y, ,Y, , , ,Phoenix Police Department, ,Yes, ,"On August [XXX], 2025 at 9:21 PM MT a Waymo Autonomous Vehicle (""Waymo AV"") operating in Phoenix, Arizona was in a collision involving a passenger car on [XXX] at [XXX]. 
The Waymo AV was traveling southbound on [XXX] in the leftmost lane. As the Waymo AV continued to proceed straight as it approached a green light at the intersection at [XXX], a passenger car traveling southbound in the adjacent, second to the leftmost lane, attempted to turn left and entered into the Waymo AV's lane of travel. The front left side of the passenger car made contact with the right side of the Waymo AV. At the time of the impact, the Waymo AV's Level 4 ADS was engaged in autonomous mode. Both vehicles sustained damage.
Waymo is reporting this crash under Request No. 2 of Standing General Order 2021-01. Waymo may supplement or correct its reporting with additional information as it may become available.", ,False, ,PHOENIX,V2V Intersection,True,False,post_june16
30270-11623,1,Waymo LLC,5-Day,,,SEP-2025,SADHW2S10R1,Y,,JAGUAR, ,I-PACE, ,2024, ,056bf0722360f10,,"5th Generation ADS, Version 10", ,ADS,Verified Engaged,Waymo LLC, , ,Y, , , , , , , , , ,SEP-2025, ,17:54, ,c9b668922c6913c,[MAY CONTAIN PERSONALLY IDENTIFIABLE INFORMATION], ,[MAY CONTAIN PERSONALLY IDENTIFIABLE INFORMATION], ,, ,Austin, ,TX,, ,Street, , , , ,Y, , , , , ,Y, , , , , , , , ,Pickup Truck,Property Damage. No Injured Reported,Proceeding Straight, , , , , ,Y, , , , , ,Changing Lanes,"No Subject Vehicle, No Crash Partner","Yes Subject Vehicle, No Crash Partner",Subject Vehicle - No Passenger In Vehicle,8, ,Y, , , , , , , , , , , , ,Y, ,Y, , , ,, ,Yes, ,"On September [XXX], 2025 at 5:54 PM CT a Waymo Autonomous Vehicle (""Waymo AV"") operating in Austin, Texas was in a collision involving a pickup truck on [XXX] near [XXX]. 
The Waymo AV was traveling northbound on [XXX] in the second from the right lane when it came to a stop to yield to a pickup truck that was stopped facing north in the rightmost lane and partially in the Waymo AV's lane of travel. The Waymo AV maneuvered to the left to go around the pickup truck and change lanes to the rightmost lane. As the Waymo AV was completing the lane change maneuver, the pickup truck proceeded forward, and the front left of the pickup truck made contact with the rear right side of the Waymo AV. At the time of the impact, the Waymo AV's Level 4 ADS was engaged in autonomous mode. Both vehicles sustained damage.
Waymo is reporting this crash under Request No. 1 of Standing General Order 2021-01 because a vehicle involved was towed away. Waymo may supplement or correct its reporting with additional information as it may become available.", ,True, ,AUSTIN,V2V Lateral,False,False,post_june16
30270-11672,1,Waymo LLC,5-Day,,,SEP-2025,SADHW2S12R1,Y,,JAGUAR, ,I-PACE, ,2024, ,1ff69f13f6312e5,,"5th Generation ADS, Version 10", ,ADS,Verified Engaged,Waymo LLC, , ,Y, , , , , , , , , ,SEP-2025, ,00:09, ,e31618acd1737c2,[MAY CONTAIN PERSONALLY IDENTIFIABLE INFORMATION], ,[MAY CONTAIN PERSONALLY IDENTIFIABLE INFORMATION], ,, ,Atlanta, ,GA,, ,Street, , , ,Y, , , , ,Y, , , , , , , , , , ,"Other, see Narrative",Property Damage. No Injured Reported,"Other, see Narrative", , , , , , , , , , ,Y,Proceeding Straight,"No Subject Vehicle, No Crash Partner","No Subject Vehicle, No Crash Partner",Subject Vehicle - No Passenger In Vehicle,25, , , ,Y, , , , , , ,Y, , , ,Y, ,Y, , , ,, ,Yes, ,"On September [XXX], 2025 at 12:09 AM ET a Waymo Autonomous Vehicle (""Waymo AV"") operating in Atlanta, Georgia was in a collision involving a pothole on [XXX] near [XXX]. 
The Waymo AV was traveling southwestbound on [XXX] in the rightmost lane when the Waymo AV's right front tire made contact with a pothole. At the time of the impact, the Waymo AV's Level 4 ADS was engaged in autonomous mode. The Waymo AV sustained damage.
Waymo is reporting this crash under Request No. 1 of Standing General Order 2021-01 because a vehicle involved was towed away. Waymo may supplement or correct its reporting with additional information as it may become available.", ,False, ,ATLANTA,Single Vehicle,False,False,post_june16
30270-11673,1,Waymo LLC,Monthly,8.0,2025.0,SEP-2025,SADHW2S17R1,Y,,JAGUAR, ,I-PACE, ,2024, ,3a591fe755ab2be,,"5th Generation ADS, Version 10", ,ADS,Verified Engaged,Waymo LLC, , ,Y, , , , , , , , , ,AUG-2025, ,15:05, ,a18be595695791f,[MAY CONTAIN PERSONALLY IDENTIFIABLE INFORMATION], ,[MAY CONTAIN PERSONALLY IDENTIFIABLE INFORMATION], ,, ,Scottsdale, ,AZ,, ,Street, , ,Y, , , , , ,Y, , , , , , , , , , ,SUV,Property Damage. No Injured Reported,Proceeding Straight, , , , , , , , ,Y, , ,Stopped,"No Subject Vehicle, No Crash Partner","No Subject Vehicle, No Crash Partner",Subject Vehicle - No Passenger In Vehicle,0, , , , , , , ,Y, , , , , , ,Y, ,Y, , , ,Scottsdale Police Department, ,Yes, ,"On August [XXX], 2025 at 3:05 PM MT a Waymo Autonomous Vehicle (""Waymo AV"") operating in Scottsdale, Arizona was in a collision involving an SUV on [XXX] at [XXX]. 
The Waymo AV was stopped facing south on [XXX] in the right turn lane behind a passenger car waiting to turn right at a stop sign at the intersection with [XXX]. An SUV initially stopped behind the Waymo AV began to proceed forward and the front of the SUV made contact with the rear of the stationary Waymo AV. At the time of the impact, the Waymo AV's Level 4 ADS was engaged in autonomous mode. The Waymo AV sustained damage.
Waymo is reporting this crash under Request No. 2 of Standing General Order 2021-01. Waymo may supplement or correct its reporting with additional information as it may become available.", ,True, ,PHOENIX,V2V F2R,True,False,post_june16
30270-11692,1,Waymo LLC,Monthly,9.0,2025.0,OCT-2025,SADHW2S19R1,Y,,JAGUAR, ,I-PACE, ,2024, ,6783f8800de6b51,,"5th Generation ADS, Version 10", ,ADS,Verified Engaged,Waymo LLC, , ,Y, , , , , , , , , ,SEP-2025, ,18:11, ,85bc53247dde956,[MAY CONTAIN PERSONALLY IDENTIFIABLE INFORMATION], ,[MAY CONTAIN PERSONALLY IDENTIFIABLE INFORMATION], ,[MAY CONTAIN PERSONALLY IDENTIFIABLE INFORMATION], ,Austin, ,TX,[MAY CONTAIN PERSONALLY IDENTIFIABLE INFORMATION], ,Street, , ,Y, , , , , ,Y, , , , , , , , , , ,Passenger Car,Property Damage. No Injured Reported,Backing, , , , , , ,Y, , , , ,Backing,"No Subject Vehicle, No Crash Partner","No Subject Vehicle, No Crash Partner",Subject Vehicle - No Passenger In Vehicle,3, , , , , , , , , ,Y, , , , ,Y, ,Y, , , ,, ,Yes, ,"On September 8, 2025 at 6:11 PM CT a Waymo Autonomous Vehicle (""Waymo AV"") operating in Austin, Texas was in a collision involving a passenger car on W. 5th Street near Baylor Street. 
The Waymo AV was traveling southeastbound in the leftmost lane on W. 5th Street when it slowed to a stop to yield to an SUV that was initially traveling in the leftmost lane but had stopped in-lane. The passenger car reversed, and then the Waymo AV reversed to yield to the passenger car. The passenger car continued to reverse and the rear of the passenger car made contact with the front of the Waymo AV. At the time of the impact, the Waymo AV's Level 4 ADS was engaged in autonomous mode. Both vehicles sustained damage.

Waymo is reporting this crash under Request No. 2 of Standing General Order 2021-01. Waymo may supplement or correct its reporting with additional information as it may become available.", ,False,78703,AUSTIN,V2V Backing,False,False,post_june16
30270-11698,1,Waymo LLC,Monthly,9.0,2025.0,OCT-2025,SADHW2S11R1,Y,,JAGUAR, ,I-PACE, ,2024, ,687940d09c15ecf,,"5th Generation ADS, Version 10", ,ADS,Verified Engaged,Waymo LLC, , ,Y, , , , , , , , , ,SEP-2025, ,02:45, ,7cc1c63fa251fd7,[MAY CONTAIN PERSONALLY IDENTIFIABLE INFORMATION], ,[MAY CONTAIN PERSONALLY IDENTIFIABLE INFORMATION], ,[MAY CONTAIN PERSONALLY IDENTIFIABLE INFORMATION], ,Austin, ,TX,[MAY CONTAIN PERSONALLY IDENTIFIABLE INFORMATION], ,Street, , ,Y, , , , , ,Y, , , , , , , , , , ,Animal,Property Damage. No Injured Reported,Entering Traffic,,,,,,,,,,,,Proceeding Straight,"No Subject Vehicle, No Crash Partner","No Subject Vehicle, No Crash Partner",Subject Vehicle - No Passenger In Vehicle,16, , , ,Y, , , , , , , , , , ,Y, ,Y, , , ,, ,Yes, ,"On September 9, 2025 at 2:45 AM CT a Waymo Autonomous Vehicle (""Waymo AV"") operating in Austin, Texas was in a collision involving a domestic animal on Donahue Lane near Pepper Lane. 
The Waymo AV was traveling northwestbound on a narrow portion of Donahue Lane with vehicles parked at the curb in both directions when a domestic animal emerged from in front of a parked vehicle and entered the Waymo AV's lane of travel. The front right tire of the Waymo AV made contact with the domestic animal. At the time of the impact, the Waymo AV's Level 4 ADS was engaged in autonomous mode. The domestic animal sustained injuries.

Waymo is reporting this crash under Request No. 2 of Standing General Order 2021-01. Waymo may supplement or correct its reporting with additional information as it may become available.", ,True,78744,AUSTIN,All Others,False,False,post_june16
30270-11713,1,Waymo LLC,5-Day,,,SEP-2025,SADHW2S1XR1,Y,,JAGUAR, ,I-PACE, ,2024, ,9eebe23c15459e8,,"5th Generation ADS, Version 10", ,ADS,Verified Engaged,Waymo LLC, , ,Y, , , , , , , , , ,SEP-2025, ,01:21, ,dc166aecd5b4265,[MAY CONTAIN PERSONALLY IDENTIFIABLE INFORMATION], ,[MAY CONTAIN PERSONALLY IDENTIFIABLE INFORMATION], ,[MAY CONTAIN PERSONALLY IDENTIFIABLE INFORMATION], ,Tempe, ,AZ,[MAY CONTAIN PERSONALLY IDENTIFIABLE INFORMATION], ,Street, , ,Y, , , , , ,Y, , , , , , , , , , ,Motorcycle,Fatality,Proceeding Straight, , ,Y, , , , , ,Y, , ,Making Right Turn,"No Subject Vehicle, No Crash Partner","Yes Subject Vehicle, Unknown Crash Partner",Subject Vehicle - No Passenger In Vehicle,8, , , , ,Y, , , , , , , , , ,Y, ,Y, , , ,Tempe Police Department, ,Yes, ,"On September [XXX], 2025 at 1:21 AM PT a Waymo Autonomous Vehicle (""Waymo AV"") operating in Tempe, Arizona was in a collision involving a motorcycle on [XXX] at [XXX]. 
The Waymo AV was traveling north in the rightmost lane on [XXX] and began slowing with its right turn signal activated in preparation for a right turn into a parking lot at [XXX], yielding to a pedestrian crossing the driveway entrance to the parking lot on the right-hand sidewalk. While the Waymo AV was slowing with its right turn signal activated, a motorcycle in the rightmost lane approached the Waymo AV from behind and the front of the motorcycle made contact with the rear left corner of the Waymo AV. The impact with the Waymo AV resulted in the motorcyclist falling from the motorcycle and into the roadway to the left of the Waymo AV. Immediately afterwards, a passenger car in the second-from-the-rightmost lane passed the Waymo AV on the left and struck the motorcyclist in the roadway. The passenger car did not stop and left the scene. The motorcyclist was transported from the scene to a hospital, where they were declared deceased. At the time of impact, the Waymo AV's Level 4 ADS was engaged in autonomous mode, and the Waymo AV was not carrying passengers. Following contact with the motorcycle, the Waymo AV came to a complete stop and remained stopped until the vehicle was towed away several hours later. The Waymo AV and the motorcycle sustained damage. The extent of the damage to the passenger car that left the scene is unknown at this time.
Waymo is reporting this crash under Request No. 1 of Standing General Order 2021-01 because of a fatality. Waymo may supplement or correct its reporting with additional information as it may become available.", ,False,85281,PHOENIX,Motorcycle,True,True,post_june16
30270-11715,1,Waymo LLC,Monthly,9.0,2025.0,OCT-2025,SADHW2S17M1,Y,,JAGUAR, ,I-PACE, ,2021, ,2e36ef5640679ec,,"5th Generation ADS, Version 10", ,ADS,Verified Engaged,Waymo LLC, , ,Y, , , , , , , , , ,SEP-2025, ,11:08, ,c16a7bfefae2ea5,[MAY CONTAIN PERSONALLY IDENTIFIABLE INFORMATION], ,[MAY CONTAIN PERSONALLY IDENTIFIABLE INFORMATION], ,[MAY CONTAIN PERSONALLY IDENTIFIABLE INFORMATION], ,Phoenix, ,AZ,[MAY CONTAIN PERSONALLY IDENTIFIABLE INFORMATION], ,Parking Lot, , ,Y, , , , , ,Y, , , , , , , , , , ,Heavy Truck,Property Damage. No Injured Reported,Backing, , , , , , ,Y, , , , ,Stopped,"No Subject Vehicle, No Crash Partner","No Subject Vehicle, No Crash Partner",Subject Vehicle - No Passenger In Vehicle,0, , , , , , , , , ,Y, , , , ,Y, ,Y, , , ,, ,Yes, ,"On September 14, 2025 at 11:08 AM MT a Waymo Autonomous Vehicle (""Waymo AV"") operating in Phoenix, Arizona was in a collision involving a heavy truck in a parking lot at 291 E. Buckeye Road.
The Waymo AV was traveling northbound through a parking lot at 291 E. Buckeye Road when it made a left turn and slowed to a stop to yield to a heavy truck blocking the roadway. Another Waymo AV was attempting to maneuver around the stopped heavy truck and came to a stop to its left. While the other Waymo AV remained stopped, the heavy truck reversed and the rear of the heavy truck made contact with the front of the stationary Waymo AV. At the time of the impact, the Waymo AV's Level 4 ADS was engaged in autonomous mode. The Waymo AV sustained damage.

Waymo is reporting this crash under Request No. 2 of Standing General Order 2021-01. Waymo may supplement or correct its reporting with additional information as it may become available.", ,True,85004,PHOENIX,V2V Backing,False,False,post_june16
30270-11759,1,Waymo LLC,Monthly,9.0,2025.0,OCT-2025,SADHW2S13R1,Y,,JAGUAR, ,I-PACE, ,2024, ,135449affc5341c,,"5th Generation ADS, Version 10", ,ADS,Verified Engaged,Waymo LLC, , ,Y, , , , , , , , , ,SEP-2025, ,16:41, ,52fc174527f8223,[MAY CONTAIN PERSONALLY IDENTIFIABLE INFORMATION], ,[MAY CONTAIN PERSONALLY IDENTIFIABLE INFORMATION], ,[MAY CONTAIN PERSONALLY IDENTIFIABLE INFORMATION], ,Austin, ,TX,[MAY CONTAIN PERSONALLY IDENTIFIABLE INFORMATION], ,Street, , ,Y, , , , , ,Y, , , , , , , , , , ,Pickup Truck,Property Damage. No Injured Reported,Proceeding Straight, , ,Y, , , , , , , , ,Changing Lanes,"No Subject Vehicle, No Crash Partner","No Subject Vehicle, No Crash Partner",Subject Vehicle - No Passenger In Vehicle,1, , , , , , ,Y, , , , , , , ,Y, ,Y, , , ,, ,Yes, ,"On September 15, 2025 at 4:41 PM CT a Waymo Autonomous Vehicle (""Waymo AV"") operating in Austin, Texas was in a collision involving a pickup truck on San Antonio Street near W. Cesar Chavez Street. 
The Waymo AV was stopped at the curb facing south on San Antonio Street when it proceeded to maneuver from its parking spot into the roadway. The Waymo AV then began to change lanes into the designated left turn lane in front of a pickup truck that was stopped in the designated left turn lane on San Antonio Street for a queue of traffic ahead. As the Waymo AV entered the designated left turn lane, the pickup truck proceeded forward and the front right side of the pickup truck made contact with the front left side of the Waymo AV. At the time of the impact, the Waymo AV's Level 4 ADS was engaged in autonomous mode. Both vehicles sustained damage.

Waymo is reporting this crash under Request No. 2 of Standing General Order 2021-01. Waymo may supplement or correct its reporting with additional information as it may become available.", ,False,78701,AUSTIN,V2V Lateral,False,False,post_june16
30270-11766,1,Waymo LLC,5-Day,,,SEP-2025,SADHW2S11R1,Y,,JAGUAR, ,I-PACE, ,2024, ,4a5bc3848bebc6d,,"5th Generation ADS, Version 10", ,ADS,Verified Engaged,Waymo LLC, , ,Y, , , , , , , , , ,SEP-2025, ,22:56, ,6903df3243c21a0,[MAY CONTAIN PERSONALLY IDENTIFIABLE INFORMATION], ,[MAY CONTAIN PERSONALLY IDENTIFIABLE INFORMATION], ,[MAY CONTAIN PERSONALLY IDENTIFIABLE INFORMATION], ,Austin, ,TX,[MAY CONTAIN PERSONALLY IDENTIFIABLE INFORMATION], ,Parking Lot, , ,Y, , , , , ,Y, , , , , , , , , , ,"Other, see Narrative",Property Damage. No Injured Reported,"Other, see Narrative", , , , , , , , , , ,Y,Proceeding Straight,"No Subject Vehicle, No Crash Partner","Yes Subject Vehicle, No Crash Partner",Subject Vehicle - All Belted,9, ,Y, , , , , , , , ,Y, , , ,Y, ,Y, , , ,, ,Yes, ,"On September 24, 2025 at 10:56 PM CT a Waymo Autonomous Vehicle (""Waymo AV"") operating in Austin, Texas made contact with the pavement at the parking lot entrance of 2952 Barton Skyway. 
The Waymo AV was traveling southbound on Barton Skyway when it began to turn left into a parking lot at 2952 Barton Skyway. As the Waymo AV proceeded eastbound into the entrance of the parking lot, the Waymo AV's undercarriage made contact with the pavement at the entrance of the parking lot. At the time of the impact, the Waymo AV's Level 4 ADS was engaged in autonomous mode. The Waymo AV sustained damage.

Waymo is reporting this crash under Request No. 2 of Standing General Order 2021-01 because a vehicle involved was towed away. Waymo may supplement or correct its reporting with additional information as it may become available.", ,False,78746,AUSTIN,Single Vehicle,False,False,post_june16
30270-11792,1,Waymo LLC,5-Day,,,OCT-2025,SADHW2S1XR1,Y,,JAGUAR, ,I-PACE, ,2024, ,eb7924677ad1d9e,,"5th Generation ADS, Version 10", ,ADS,Verified Engaged,Waymo LLC, , ,Y, , , , , , , , , ,SEP-2025, ,08:01, ,7509c0f51e161bd,[MAY CONTAIN PERSONALLY IDENTIFIABLE INFORMATION], ,[MAY CONTAIN PERSONALLY IDENTIFIABLE INFORMATION], ,[MAY CONTAIN PERSONALLY IDENTIFIABLE INFORMATION], ,Atlanta, ,GA,[MAY CONTAIN PERSONALLY IDENTIFIABLE INFORMATION], ,Intersection, , ,Y, , , , , ,Y, , , , , , , , , , ,Pickup Truck,Property Damage. No Injured Reported,Backing, , , ,Y, , , , , , , ,Proceeding Straight,"No Subject Vehicle, No Crash Partner","Yes Subject Vehicle, No Crash Partner",Subject Vehicle - All Belted,17, , , , , , , , ,Y, , , , , ,Y, ,Y, , , ,Atlanta Police Department, ,Yes, ,"On September 26, 2025 at 8:01 AM ET a Waymo Autonomous Vehicle (""Waymo AV"") operating in Atlanta, Georgia was in a collision involving a pickup truck on Ivan Allen Jr. Boulevard NW at Magnum Street NW. 
The Waymo AV was traveling westbound in the left lane on Ivan Allen Jr. Boulevard NW. A pickup truck that was traveling eastbound in the left turn lane on Ivan Allen Jr. Boulevard NW initiated a U-turn onto westbound Ivan Allen Jr. Boulevard NW at the intersection with Magnum Street NW. As the pickup truck was completing its U-turn, it stopped facing northwest in the right lane on Ivan Allen Jr. Boulevard NW, unable to complete the turn due to the north side sidewalk. As the Waymo AV continued through the intersection with Magnum Street NW and began to passed the pickup truck, the pickup truck began to reverse into the Waymo AV's lane of travel and the rear left side of the pickup truck made contact with the front right side of the Waymo AV. At the time of the impact, the Waymo AV's Level 4 ADS was engaged in autonomous mode. Both vehicles sustained damage.

Waymo is reporting this crash under Request No. 1 of Standing General Order 2021-01 because a vehicle involved was towed away. Waymo may supplement or correct its reporting with additional information as it may become available.", ,False,30318,ATLANTA,V2V Backing,True,False,post_june16
30270-11794,1,Waymo LLC,5-Day,,,OCT-2025,SADHW2S11R1,Y,,JAGUAR, ,I-PACE, ,2024, ,99b5b54ea2d4630,,"5th Generation ADS, Version 10", ,ADS,Verified Engaged,Waymo LLC, , ,Y, , , , , , , , , ,SEP-2025, ,02:42, ,1ea9c52770a39f9,[MAY CONTAIN PERSONALLY IDENTIFIABLE INFORMATION], ,[MAY CONTAIN PERSONALLY IDENTIFIABLE INFORMATION], ,[MAY CONTAIN PERSONALLY IDENTIFIABLE INFORMATION], ,Atlanta, ,GA,[MAY CONTAIN PERSONALLY IDENTIFIABLE INFORMATION], ,Intersection, , ,Y, , , , , ,Y, , , , , , , , , , ,Pickup Truck,Minor W/ Hospitalization,Proceeding Straight, , , , , , , ,Y, , , ,Proceeding Straight,"Yes Crash Partner, No Subject Vehicle","Yes Subject Vehicle, Yes Crash Partner",Subject Vehicle - All Belted,19, , ,Y, , , , , , , , , , , ,Y, ,Y, , , ,Atlanta Police Department, ,Yes, ,"On September 27, 2025 at 2:44 AM ET a Waymo Autonomous Vehicle (""Waymo AV"") operating in Atlanta, Georgia was in a collision involving a pickup truck on Courtland Street NE at Andrew Young International Boulevard NE. 
The Waymo AV was traveling southbound on Courtland Street NE in the second to the left lane. As the Waymo proceeded through a green light at the intersection with Andrew Young International Boulevard NE, a passenger car that was traveling westbound in the rightmost lane on Andrew Young International Boulevard NE proceeded through the intersection at Courtland Street against a red light without stopping. The front of the passenger car made contact with the left side of a pickup truck that was traveling southbound in the leftmost lane on Courtland Street NE. The right side of the pickup truck then made contact with the left side of the Waymo AV. At the time of the impact, the Waymo AV's Level 4 ADS was engaged in autonomous mode. The Waymo AV, the passenger car, and the pickup truck sustained damage. The passenger in the Waymo AV alleged minor injuries and was transported to a hospital in an ambulance.

Waymo is reporting this crash under Request No. 1 of Standing General Order 2021-01 because an individual involved was transported from the scene to a hospital for medical treatment, vehicles involved were towed away, and airbags were deployed. Waymo may supplement or correct its reporting with additional information as it may become available.", ,False,30303,ATLANTA,Secondary Crash,True,True,post_june16