Report ID,Report Version,Reporting Entity,Report Type,Report Month,Report Year,Report Submission Date,VIN,VIN Decoded,Serial Number,Make,Make - Unknown,Model,Model - Unknown,Model Year,Model Year - Unknown,Same Vehicle ID,Driver / Operator Type,Automation Feature Version,Automation Feature Version CBI,Automation System Engaged?,Engagement Status,Operating Entity,Operating Entity - Unknown,Source - Complaint/Claim,Source - Telematics,Source - Law Enforcement,Source - Field Report,Source - Testing,Source - Media,Source - Internal Process Review,Source - NHTSA VOQ,Source - Other - See Narrative,Source - Other Entity,Source - State or Other Agency,Incident Date,Incident Date - Unknown,Incident Time (24:00),Incident Time - Unknown,Same Incident ID,Latitude,Latitude - Unknown,Longitude,Longitude - Unknown,Address,Address - Unknown,City,City - Unknown,State,Zip Code,Zip Code - Unknown,Roadway Type,Roadway-Degraded Surface,Roadway-Missing/Degraded Marking,Roadway-No Unusual Conditions,Roadway-Other-See Narrative,Roadway-Traffic Incident,Roadway-Unknown,Roadway-Wet Surface Condition,Roadway-Work Zone,Weather - Clear,Weather - Snow,Weather - Cloudy,Weather - Partly Cloudy,Weather - Fog/Smoke/Haze,Weather - Rain,Weather - Severe Wind,Weather - Dust Storm,Weather - Severe Hurricane,Weather - Structure-Indoor,Weather - Unk - See Narrative,Crash With,Highest Injury Severity Alleged,CP Pre-Crash Movement,CP Contact Area - Rear Left,CP Contact Area - Left,CP Contact Area - Front Left,CP Contact Area - Rear,CP Contact Area - Top,CP Contact Area - Front,CP Contact Area - Rear Right,CP Contact Area - Right,CP Contact Area - Front Right,CP Contact Area - Bottom,CP Contact Area - Unknown,SV Pre-Crash Movement,Any Air Bags Deployed?,Was Any Vehicle Towed?,Were All Passengers Belted?,SV Precrash Speed (MPH),SV Pre-crash Speed - Unknown,SV Contact Area - Rear Left,SV Contact Area - Left,SV Contact Area - Front Left,SV Contact Area - Rear,SV Contact Area - Top,SV Contact Area - Front,SV Contact Area - Rear Right,SV Contact Area - Right,SV Contact Area - Front Right,SV Contact Area - Bottom,SV Contact Area - Unknown,Data Availability - EDR,Data Availability - Police Rpt,Data Availability - Telematics,Data Availability - Complaints,Data Availability - Video,Data Availability - Other,Data Availability - No Data,Data Availability - Unknown,Investigating Agency,Investigating Agency - Unknown,Within ODD?,Within ODD? - CBI,Narrative,Narrative - CBI?,hub_delta_v_less_than_1mph,hub_zip_code,hub_location,hub_crash_type,hub_is_police_reported,hub_is_any_injury_reported,data_period
30270-11802,1,Waymo LLC,5-Day,,,OCT-2025,SADHW2S10M1,Y,,JAGUAR, ,I-PACE, ,2021, ,69e81170d7f51a7,,"5th Generation ADS, Version 10", ,ADS,Verified Engaged,Waymo LLC, , ,Y, , , , , , , , , ,SEP-2025, ,15:05, ,472bd4e88959a10,[MAY CONTAIN PERSONALLY IDENTIFIABLE INFORMATION], ,[MAY CONTAIN PERSONALLY IDENTIFIABLE INFORMATION], ,[MAY CONTAIN PERSONALLY IDENTIFIABLE INFORMATION], ,Phoenix, ,AZ,[MAY CONTAIN PERSONALLY IDENTIFIABLE INFORMATION], ,Intersection, , , ,Y, , ,Y, , , , , , ,Y, , , , , ,"Other, see Narrative",Property Damage. No Injured Reported,"Other, see Narrative", , , , , , , , , , ,Y,Proceeding Straight,"No Subject Vehicle, No Crash Partner","Yes Subject Vehicle, No Crash Partner",Subject Vehicle - No Passenger In Vehicle,13, , , , , , , , , ,Y,Y, , , ,Y, ,Y, , , ,, ,Yes, ,"On September 26, 2025 at 3:05 PM MT a Waymo Autonomous Vehicle (""Waymo AV"") operating in Phoenix, Arizona traveled through water on N. 14th Street at E. Desert Park Lane. 
The Waymo AV was traveling southbound on N. 14th Street when it encountered water in the roadway across N. 14th street. As the Waymo AV entered the water, the front and undercarriage of the Waymo AV made contact with the water. At the time of the impact, the Waymo AV's Level 4 ADS was engaged in autonomous mode. The Waymo AV sustained damage.

Waymo is reporting this crash under Request No. 1 of Standing General Order 2021-01 because a vehicle involved was towed away. Waymo may supplement or correct its reporting with additional information as it may become available.", ,True,85020,PHOENIX,All Others,False,False,post_june16
30270-11805,1,Waymo LLC,Monthly,9.0,2025.0,OCT-2025,SADHW2S19R1,Y,,JAGUAR, ,I-PACE, ,2024, ,fbc392705616c62,,"5th Generation ADS, Version 10", ,ADS,Verified Engaged,Waymo LLC, , ,Y, , , , , , , , , ,SEP-2025, ,10:37, ,6d2da685ce2e08f,[MAY CONTAIN PERSONALLY IDENTIFIABLE INFORMATION], ,[MAY CONTAIN PERSONALLY IDENTIFIABLE INFORMATION], ,[MAY CONTAIN PERSONALLY IDENTIFIABLE INFORMATION], ,Austin, ,TX,[MAY CONTAIN PERSONALLY IDENTIFIABLE INFORMATION], ,Parking Lot, , ,Y, , , , , ,Y, , , , , , , , , , ,Other Fixed Object,Property Damage. No Injured Reported,,,,,,,,,,,,,Proceeding Straight,"No Subject Vehicle, No Crash Partner","No Subject Vehicle, No Crash Partner",Subject Vehicle - No Passenger In Vehicle,8, , , , , , , , , ,Y, , , , ,Y, ,Y, , , ,University of Texas Police Department, ,Yes, ,"On September 20, 2025 at 10:37 AM CT a Waymo Autonomous Vehicle (""Waymo AV"") operating in Austin, Texas was in a collision involving a chain at a parking lot located near 2617 Speedway. 
The Waymo AV was traveling westbound through a collection of parking lots behind 2617 Speedway when it proceeded to the west exit of the parking lot area and the front of the Waymo AV made contact with a hanging chain separating a section of the parking lot. At the time of the impact, the Waymo AV's Level 4 ADS was engaged in autonomous mode. The chain sustained damage.

Waymo is reporting this crash under Request No. 2 of Standing General Order 2021-01. Waymo may supplement or correct its reporting with additional information as it may become available.", ,True,78712,AUSTIN,Single Vehicle,True,False,post_june16
30270-11806,1,Waymo LLC,5-Day,,,OCT-2025,SADHW2S12R1,Y,,JAGUAR, ,I-PACE, ,2024, ,f5b3c33807d2ff8,,"5th Generation ADS, Version 10", ,ADS,Verified Engaged,Waymo LLC, , ,Y, , , , , , , , , ,SEP-2025, ,14:56, ,877df876ab59edb,[MAY CONTAIN PERSONALLY IDENTIFIABLE INFORMATION], ,[MAY CONTAIN PERSONALLY IDENTIFIABLE INFORMATION], ,[MAY CONTAIN PERSONALLY IDENTIFIABLE INFORMATION], ,Atlanta, ,GA,[MAY CONTAIN PERSONALLY IDENTIFIABLE INFORMATION], ,Street, , ,Y, , , , , ,Y, , , , , , , , , , ,Non-Motorist: Cyclist,Minor W/ Hospitalization,Entering Traffic,,,,,,,,,,,,Proceeding Straight,"No Subject Vehicle, No Crash Partner","Yes Subject Vehicle, No Crash Partner",Subject Vehicle - No Passenger In Vehicle,19, , , , ,Y, , , , , , , , , ,Y, ,Y, , , ,Atlanta Police Department, ,Yes, ,"On September 30, 2025 at 2:56 PM ET a Waymo Autonomous Vehicle (""Waymo AV"") operating in Atlanta, Georgia was in a collision involving a cyclist on Griffin Street near Donald Lee Hollowell Parkway NW. 
A Waymo AV was traveling north on Griffin Street near the intersection with the Donald Lee Hollowell Parkway NW when it approached the Westside Beltline Connector shared use bicycle/pedestrian trail. As the AV approached the crossing with the trail, a cyclist traveling east on the trail approached the crossing with the roadway and continued into the roadway without stopping at the stop sign controlling bicycle traffic from the trail. The bicycle then made contact with the rear driver side of the Waymo AV and the impact caused the cyclist to fall from their bicycle. At the time of the impact, the Waymo AV's Level 4 ADS was engaged in autonomous mode. The Waymo AV and the bicycle sustained damage.

Waymo is reporting this crash under Request No. 1 of Standing General Order 2021-01 because a vehicle involved was towed away and an individual involved was transported from the scene to a hospital for medical treatment. Waymo may supplement or correct its reporting with additional information as it may become available.", ,False,30318,ATLANTA,Cyclist,True,True,post_june16
30270-11831,1,Waymo LLC,Monthly,9.0,2025.0,OCT-2025,SADHW2S18R1,Y,,JAGUAR, ,I-PACE, ,2024, ,1a775515c7d2801,,"5th Generation ADS, Version 10", ,ADS,Verified Engaged,Waymo LLC, , ,Y, , , , , , , , , ,SEP-2025, ,15:48, ,1e3b951cf45ca7b,[MAY CONTAIN PERSONALLY IDENTIFIABLE INFORMATION], ,[MAY CONTAIN PERSONALLY IDENTIFIABLE INFORMATION], ,[MAY CONTAIN PERSONALLY IDENTIFIABLE INFORMATION], ,Tempe, ,AZ,[MAY CONTAIN PERSONALLY IDENTIFIABLE INFORMATION], ,Street, , ,Y, , , , , ,Y, , , , , , , , , , ,Passenger Car,Property Damage. No Injured Reported,Proceeding Straight, , , , , , , , ,Y, , ,Stopped,"No Subject Vehicle, No Crash Partner","No Subject Vehicle, No Crash Partner",Subject Vehicle - No Passenger In Vehicle,0, , , , , , , ,Y, , , , , , ,Y, ,Y, , , ,, ,Yes, ,"On September 1, 2025 at 3:48 PM MT a Waymo Autonomous Vehicle (""Waymo AV"") operating in Tempe, Arizona was in a collision involving a passenger car on E. Broadway Road at S. McClintock Drive. 
The Waymo AV was stopped facing west in the rightmost lane on E. Broadway Road with its right turn signal activated in a queue of traffic for a red light at the intersection with S. McClintock Drive. After an SUV directly in front of the Waymo AV turned right onto S. McClintock Drive, the Waymo AV briefly proceeded forward and then stopped for the red light. While the Waymo AV was stopped to yield to the red light and northbound traffic, a passenger car that was initially stopped behind the Waymo AV proceeded forward and the front of the passenger car made contact with the rear of the stationary Waymo AV. At the time of the impact, the Waymo AV's Level 4 ADS was engaged in autonomous mode. Both vehicles sustained damage.

Waymo is reporting this crash under Request No. 2 of Standing General Order 2021-01. Waymo may supplement or correct its reporting with additional information as it may become available.", ,False,85282,PHOENIX,V2V F2R,False,False,post_june16
30270-11836,1,Waymo LLC,5-Day,,,OCT-2025,SADHW2S19R1,Y,,JAGUAR, ,I-PACE, ,2024, ,bc680d592472f72,,"5th Generation ADS, Version 10", ,ADS,Verified Engaged,Waymo LLC, , ,Y, , , , , , , , , ,OCT-2025, ,16:14, ,bfc23b58aba27de,[MAY CONTAIN PERSONALLY IDENTIFIABLE INFORMATION], ,[MAY CONTAIN PERSONALLY IDENTIFIABLE INFORMATION], ,[MAY CONTAIN PERSONALLY IDENTIFIABLE INFORMATION], ,Phoenix, ,AZ,[MAY CONTAIN PERSONALLY IDENTIFIABLE INFORMATION], ,Street, , ,Y, , , , , ,Y, , , , , , , , , , ,Heavy Truck,Property Damage. No Injured Reported,Parked, , , ,Y, , , , , , , ,Passing,"No Subject Vehicle, No Crash Partner","Yes Subject Vehicle, No Crash Partner",Subject Vehicle - All Belted,1, , , ,Y, , , , , , , , , , ,Y, ,Y, , , ,, ,Yes, ,"On October 2, 2025 at 4:14 PM MT a Waymo Autonomous Vehicle (""Waymo AV"") operating in Phoenix, Arizona was in a collision involving a heavy truck with a flatbed trailer on E. Indianola Avenue near N. 16th Street. 
The Waymo AV was traveling eastbound on E. Indianola Avenue behind a heavy truck with an attached flatbed trailer when the heavy truck slowed to a stop and parked at the curb on the south side of E. Indianola Avenue near a stop sign at the intersection with N. 16th Street. The Waymo AV slowed to a stop to yield to the parked heavy truck, which was partially in the Waymo AV's lane of travel. The Waymo AV proceeded to maneuver around the left side of the heavy truck and the front right side of the Waymo AV made contact with the rear left side of the flatbed of the heavy truck. At the time of the impact, the Waymo AV's Level 4 ADS was engaged in autonomous mode. The Waymo AV sustained damage. 

Waymo is reporting this crash under Request No. 1 of Standing General Order 2021-01 because a vehicle involved was towed away. Waymo may supplement or correct its reporting with additional information as it may become available.", ,,,,,,,post_june16
30270-11838,1,Waymo LLC,5-Day,,,OCT-2025,SADHW2S17R1,Y,,JAGUAR, ,I-PACE, ,2024, ,d485ed61f897924,,"5th Generation ADS, Version 10", ,ADS,Verified Engaged,Waymo LLC, , ,Y, , , , , , , , , ,OCT-2025, ,09:37, ,c64589b500c4428,[MAY CONTAIN PERSONALLY IDENTIFIABLE INFORMATION], ,[MAY CONTAIN PERSONALLY IDENTIFIABLE INFORMATION], ,[MAY CONTAIN PERSONALLY IDENTIFIABLE INFORMATION], ,Phoenix, ,AZ,[MAY CONTAIN PERSONALLY IDENTIFIABLE INFORMATION], ,Street, , ,Y, , , , , ,Y, , , , , , , , , , ,Pickup Truck,Property Damage. No Injured Reported,Proceeding Straight, , , , , , , , ,Y, , ,Stopped,"No Subject Vehicle, No Crash Partner","Yes Subject Vehicle, No Crash Partner",Subject Vehicle - No Passenger In Vehicle,0, , , , , , , ,Y, , , , , , ,Y, ,Y, , , ,, ,Yes, ,"On October 5, 2025 at 9:37 AM MT a Waymo Autonomous Vehicle (""Waymo AV"") operating in Phoenix, Arizona was in a collision involving a pickup truck on E. Oak Street near N. 27th Street. 
The Waymo AV was traveling eastbound on E. Oak Street when it began to slow to a stop to yield to an animal that ran into the roadway from in front of a parked car on the south side of E. Oak Street. As the Waymo AV slowed to a stop, a pickup truck that was traveling eastbound on E. Oak Street behind the Waymo AV approached the Waymo AV from behind and the front of the pickup truck made contact with the rear of the Waymo AV. At the time of the impact, the Waymo AV's Level 4 ADS was engaged in autonomous mode. Both vehicles sustained damage.

Waymo is reporting this crash under Request No. 1 of Standing General Order 2021-01 because a vehicle involved was towed away. Waymo may supplement or correct its reporting with additional information as it may become available.", ,,,,,,,post_june16
30270-11840,1,Waymo LLC,Monthly,9.0,2025.0,OCT-2025,SADHW2S12R1,Y,,JAGUAR, ,I-PACE, ,2024, ,d839170fc8b2e10,,"5th Generation ADS, Version 10", ,ADS,Verified Engaged,Waymo LLC, , ,Y, , , , , , , , , ,SEP-2025, ,23:34, ,4ff19a5f7f16d32,[MAY CONTAIN PERSONALLY IDENTIFIABLE INFORMATION], ,[MAY CONTAIN PERSONALLY IDENTIFIABLE INFORMATION], ,[MAY CONTAIN PERSONALLY IDENTIFIABLE INFORMATION], ,Austin, ,TX,[MAY CONTAIN PERSONALLY IDENTIFIABLE INFORMATION], ,Street, , ,Y, , , , , ,Y, , , , , , , , , , ,Animal,Unknown,"Other, see Narrative",,,,,,,,,,,,Proceeding Straight,"No Subject Vehicle, No Crash Partner","No Subject Vehicle, No Crash Partner",Subject Vehicle - All Belted,26, , , , , , , , , ,Y, , , , ,Y, ,Y, , , ,, ,Yes, ,"On September 15, 2025 at 11:34 PM CT a Waymo Autonomous Vehicle (""Waymo AV"") operating in Austin, Texas was in a collision involving a domestic animal on Santa Rosa Street near Julian Teran Street. 
The Waymo AV was traveling eastbound on a narrow portion of Santa Rosa Street with vehicles parked at the curb in both directions. A domestic animal emerged from behind a vehicle that was parked on the north side of Santa Rosa Street and entered the Waymo AV's lane of travel, and the front of the Waymo AV made contact with the domestic animal, which appears to be a cat. At the time of the impact, the Waymo AV's Level 4 ADS was engaged in autonomous mode. The domestic animal sustained injuries.

Waymo is reporting this crash under Request No. 2 of Standing General Order 2021-01. Waymo may supplement or correct its reporting with additional information as it may become available.", ,True,78702,AUSTIN,All Others,False,False,post_june16
30270-11841,1,Waymo LLC,5-Day,,,OCT-2025,SADHW2S18R1,Y,,JAGUAR, ,I-PACE, ,2024, ,5a6fef52a42e563,,"5th Generation ADS, Version 10", ,ADS,Verified Engaged,Waymo LLC, , ,Y, , , , , , , , , ,OCT-2025, ,09:55, ,d06de901f3c18cb,[MAY CONTAIN PERSONALLY IDENTIFIABLE INFORMATION], ,[MAY CONTAIN PERSONALLY IDENTIFIABLE INFORMATION], ,[MAY CONTAIN PERSONALLY IDENTIFIABLE INFORMATION], ,Atlanta, ,GA,[MAY CONTAIN PERSONALLY IDENTIFIABLE INFORMATION], ,Intersection, , ,Y, , , , , ,Y, , , , , , , , , , ,Passenger Car,Moderate W/ Hospitalization,Proceeding Straight, , , , , , , , ,Y, , ,Stopped,"No Subject Vehicle, No Crash Partner","No Subject Vehicle, No Crash Partner",Subject Vehicle - Not Belted - see Narrative,0, , , , , , , ,Y, , , , , , ,Y, ,Y, , , ,, ,Yes, ,"On October 3, 2025 at 9:55 AM EDT a Waymo Autonomous Vehicle (""Waymo AV"") operating in Atlanta, Georgia was in a collision involving a passenger car on James P Brawley Drive at Carter St NW. 
The Waymo AV was traveling northbound on James P Brawley Drive and came to a stop at the stop sign at the intersection with Carter St NW. A passenger car traveling directly behind the Waymo AV proceeded without stopping, and the front driver side of the passenger car then made contact with the rear side of the stationary Waymo AV. First responders arrived at the scene and assisted the rider out of the Waymo AV. An ambulance was called to the scene and Waymo later learned that the rider was transported to the hospital. At the time of the impact, the Waymo AV's Level 4 ADS was engaged in autonomous mode. The Waymo AV sustained damage. The passenger in the Waymo AV was not belted at the time of the collision they were in the process of locating the belt fastener for the seat they were occupying.

Waymo is reporting this crash under Request No. 1 of Standing General Order 2021-01 because an individual involved was transported from the scene to a hospital for medical treatment. Waymo may supplement or correct its reporting with additional information as it may become available.", ,,,,,,,post_june16
30270-11850,1,Waymo LLC,Monthly,9.0,2025.0,OCT-2025,SADHW2S10R1,Y,,JAGUAR, ,I-PACE, ,2024, ,09ec4e314f6343e,,"5th Generation ADS, Version 10", ,ADS,Verified Engaged,Waymo LLC, , ,Y, , , , , , , , , ,SEP-2025, ,08:40, ,e7773de4d188cd2,[MAY CONTAIN PERSONALLY IDENTIFIABLE INFORMATION], ,[MAY CONTAIN PERSONALLY IDENTIFIABLE INFORMATION], ,[MAY CONTAIN PERSONALLY IDENTIFIABLE INFORMATION], ,Austin, ,TX,[MAY CONTAIN PERSONALLY IDENTIFIABLE INFORMATION], ,Intersection, , ,Y, , , , , ,Y, , , , , , , , , , ,SUV,Property Damage. No Injured Reported,Proceeding Straight, , , , , , , , ,Y, , ,Proceeding Straight,"No Subject Vehicle, No Crash Partner","No Subject Vehicle, No Crash Partner",Subject Vehicle - No Passenger In Vehicle,1, , , , , , , ,Y, , , , , , ,Y, ,Y, , , ,, ,Yes, ,"On September 24, 2025 at 8:40 AM CT a Waymo Autonomous Vehicle (""Waymo AV"") operating in Austin, Texas was in a collision involving an SUV on Burnet Road at Buell Avenue. 
The Waymo AV was traveling southbound in the left lane on Burnet Road when it came to a stop at a red light at the intersection at Buell Avenue. As the traffic light turned green and traffic ahead advanced, the Waymo AV initially proceeded forward and then began to slow before entering the intersection, after detecting a siren from an emergency vehicle. As the Waymo AV was slowing, an SUV approached the Waymo AV from behind and the front of the SUV made contact with the rear of the Waymo AV. At the time of the impact, the Waymo AV's Level 4 ADS was engaged in autonomous mode. Both vehicles sustained damage.

Waymo is reporting this crash under Request No. 2 of Standing General Order 2021-01. Waymo may supplement or correct its reporting with additional information as it may become available.", ,False,78757,AUSTIN,V2V F2R,False,False,post_june16
30270-11859,1,Waymo LLC,5-Day,,,OCT-2025,SADHW2S16R1,Y,,JAGUAR, ,I-PACE, ,2024, ,9fd84f162c600d0,,"5th Generation ADS, Version 10", ,ADS,Verified Engaged,Waymo LLC, , ,Y, , , , , , , , , ,OCT-2025, ,02:20, ,8e6be32923cbefc,[MAY CONTAIN PERSONALLY IDENTIFIABLE INFORMATION], ,[MAY CONTAIN PERSONALLY IDENTIFIABLE INFORMATION], ,[MAY CONTAIN PERSONALLY IDENTIFIABLE INFORMATION], ,Phoenix, ,AZ,[MAY CONTAIN PERSONALLY IDENTIFIABLE INFORMATION], ,Street, , ,Y, , , , , ,Y, , , , , , , , , , ,SUV,No Injured Reported,Making Left Turn, , , , , ,Y, , , , , ,Proceeding Straight,"No Subject Vehicle, No Crash Partner","Yes Subject Vehicle, Yes Crash Partner",Subject Vehicle - No Passenger In Vehicle,31, ,Y, , , , , , ,Y, , , , , ,Y, ,Y, , , ,Phoenix Police Department, ,Yes, ,"On October 8, 2025 at 2:20 AM MT a Waymo Autonomous Vehicle (""Waymo AV"") operating in Phoenix, Arizona was in a collision involving an SUV on S. 16th Street near E. Hidalgo Avenue. 
The Waymo AV was traveling southbound on S. 16th Street in the leftmost lane. An SUV was traveling southbound, ahead of and to the right of the Waymo AV in the center lane on S. 16th Street. As the Waymo AV continued to proceed straight and approached the SUV, the SUV initiated a left turn from the center lane, crossing the dashed white lane line and entering the Waymo AV's lane of travel. The Waymo AV began braking and maneuvered to the left, and the front left side of the SUV made contact with the right side of the Waymo AV. At the time of the impact, the Waymo AV's Level 4 ADS was engaged in autonomous mode. Both vehicles sustained damage.

Waymo is reporting this crash under Request No. 1 of Standing General Order 2021-01 because a vehicle involved was towed away. Waymo may supplement or correct its reporting with additional information as it may become available.", ,,,,,,,post_june16
30270-11863,1,Waymo LLC,5-Day,,,OCT-2025,SADHW2S14R1,Y,,JAGUAR, ,I-PACE, ,2024, ,3636e171cbf3cce,,"5th Generation ADS, Version 10", ,ADS,Verified Engaged,Waymo LLC, , ,Y, , , , , , , , , ,OCT-2025, ,07:10, ,2a20b0200d6dd5d,[MAY CONTAIN PERSONALLY IDENTIFIABLE INFORMATION], ,[MAY CONTAIN PERSONALLY IDENTIFIABLE INFORMATION], ,[MAY CONTAIN PERSONALLY IDENTIFIABLE INFORMATION], ,Scottsdale, ,AZ,[MAY CONTAIN PERSONALLY IDENTIFIABLE INFORMATION], ,Street, , ,Y, , , , , ,Y, , , , , , , , , , ,Pickup Truck,Property Damage. No Injured Reported,Backing,Y, , , , , , , , , , ,Parked,"No Subject Vehicle, No Crash Partner","Yes Subject Vehicle, No Crash Partner",Subject Vehicle - No Passenger In Vehicle,0, , ,Y, , , , , , , , , , , ,Y, ,Y, , , ,, ,Yes, ,"On October 7, 2025 at 7:10 AM MT a Waymo Autonomous Vehicle (""Waymo AV"") operating in Scottsdale, Arizona was in a collision involving a flatbed pickup truck on N. 54th Street near E. Thunderbird Road. 
The Waymo AV was parked at the curb facing north on the east side of N. 54th Street. A flatbed pickup truck that was stopped facing west in a driveway on the west side of N. 54th Street reversed out of the driveway and across the roadway, and the rear right side of the flatbed made contact with the left side of the stationary Waymo AV. At the time of the impact, the Waymo AV's Level 4 ADS was engaged in autonomous mode. The Waymo AV sustained damage.

Waymo is reporting this crash under Request No. 1 of Standing General Order 2021-01 because a vehicle involved was towed away. Waymo may supplement or correct its reporting with additional information as it may become available.", ,,,,,,,post_june16
30270-11886,1,Waymo LLC,5-Day,,,OCT-2025,SADHW2S15R1,Y,,JAGUAR, ,I-PACE, ,2024, ,d96eceff2af56e0,In-Vehicle and Remote (Commercial / Test),"5th Generation, Version 10", ,ADS,Verified Engaged,Waymo LLC, , ,Y, , , , , , , , , ,OCT-2025, ,16:57, ,de6893d4278e92f,[MAY CONTAIN PERSONALLY IDENTIFIABLE INFORMATION], ,[MAY CONTAIN PERSONALLY IDENTIFIABLE INFORMATION], ,[MAY CONTAIN PERSONALLY IDENTIFIABLE INFORMATION], ,Tempe, ,AZ,[MAY CONTAIN PERSONALLY IDENTIFIABLE INFORMATION], ,Intersection, , ,Y, , , , , , , ,Y, , , , , , , , ,Passenger Car,Property Damage. No Injured Reported,Making Left Turn, , , , , ,Y, , , , , ,Making Left Turn,"No Subject Vehicle, No Crash Partner","Yes Crash Partner, No Subject Vehicle",Subject Vehicle - All Belted,2, , , , , , , ,Y, , , , , , ,Y, ,Y, , , ,Arizona Department of Public Safety, ,Yes, ,"On October 10, 2025 at 4:57 PM MT a Waymo Autonomous Vehicle (""Waymo AV"") operating in Tempe, Arizona was in a collision involving a passenger car on E. Rio Salado Parkway at the on-ramp entrance to State Route 101.
The Waymo AV was stopped facing east on E. Rio Salado Parkway in the designated left turn lane for a red light at the intersection with the on-ramp entrance to State Route 101, in autonomous mode and with its left turn signal activated. After the light turned green and westbound traffic cleared, the Waymo AV proceeded to make an unprotected left turn onto the on-ramp entrance to State Route 101. As the Waymo AV was completing the left turn and was exiting the intersection, it began slowing and a passenger car traveling directly behind the Waymo AV approached the Waymo AV from behind, and the front left of the passenger car made contact with the rear of the Waymo AV. The test driver of the Waymo AV transitioned to manual mode immediately after the passenger car made contact with the Waymo AV. At the time of the impact, the Waymo AV's Level 4 ADS was engaged in autonomous mode, and a test driver was present in the driver's seating position. Both vehicles sustained damage.

Waymo is reporting this crash under Request No. 1 of Standing General Order 2021-01 because a vehicle involved was towed away. Waymo may supplement or correct its reporting with additional information as it may become available.", ,,,,,,,post_june16
30270-11887,1,Waymo LLC,Monthly,10.0,2025.0,NOV-2025,SADHW2S19M1,Y,[MAY CONTAIN PERSONALLY IDENTIFIABLE INFORMATION],JAGUAR, ,I-PACE, ,2021, ,82a413f84a9cd60,,"5th Generation ADS, Version 10", ,ADS,Verified Engaged,Waymo LLC, , ,Y, , , , , , , , , ,OCT-2025, ,23:57, ,e5e7fbb48fed3ea,[MAY CONTAIN PERSONALLY IDENTIFIABLE INFORMATION], ,[MAY CONTAIN PERSONALLY IDENTIFIABLE INFORMATION], ,[MAY CONTAIN PERSONALLY IDENTIFIABLE INFORMATION], ,Tempe, ,AZ,[MAY CONTAIN PERSONALLY IDENTIFIABLE INFORMATION], ,Street, , ,Y, , , , , ,Y, , , , , , , , , , ,SUV,Property Damage. No Injured Reported,Stopped, , , , , , , ,Y, , , ,Proceeding Straight,"No Subject Vehicle, No Crash Partner","No Subject Vehicle, No Crash Partner",Subject Vehicle - All Belted,7, , , , ,Y, , , , , , , , , ,Y, ,Y, , , ,Tempe Police Department, ,Yes, ,"On October 7, 2025 at 11:57 PM MT a Waymo Autonomous Vehicle (""Waymo AV"") operating in Tempe, Arizona was in a collision involving a SUV on W. Broadway Road at Priest Drive. 
The Waymo AV was stopped facing east in the fourth to the right lane on W. Broadway Road in a queue of traffic for a red light at the intersection with Priest Drive. An SUV was stopped facing east in the adjacent designated left turn lane to the left of the Waymo AV. As the light turned green and the Waymo AV began to proceed forward, a passenger in the SUV opened the front right side door, and the open front right side door of the SUV made contact with the rear left side of the Waymo AV. At the time of the impact, the Waymo AV's Level 4 ADS was engaged in autonomous mode. The Waymo AV sustained damage.

Waymo is reporting this crash under Request No. 2 of Standing General Order 2021-01. Waymo may supplement or correct its reporting with additional information as it may become available.", ,,,,,,,post_june16