Report ID,Report Version,Reporting Entity,Report Type,Report Month,Report Year,Report Submission Date,VIN,VIN Decoded,Serial Number,Make,Make - Unknown,Model,Model - Unknown,Model Year,Model Year - Unknown,Same Vehicle ID,Driver / Operator Type,Automation Feature Version,Automation Feature Version CBI,Automation System Engaged?,Engagement Status,Operating Entity,Operating Entity - Unknown,Source - Complaint/Claim,Source - Telematics,Source - Law Enforcement,Source - Field Report,Source - Testing,Source - Media,Source - Internal Process Review,Source - NHTSA VOQ,Source - Other - See Narrative,Source - Other Entity,Source - State or Other Agency,Incident Date,Incident Date - Unknown,Incident Time (24:00),Incident Time - Unknown,Same Incident ID,Latitude,Latitude - Unknown,Longitude,Longitude - Unknown,Address,Address - Unknown,City,City - Unknown,State,Zip Code,Zip Code - Unknown,Roadway Type,Roadway-Degraded Surface,Roadway-Missing/Degraded Marking,Roadway-No Unusual Conditions,Roadway-Other-See Narrative,Roadway-Traffic Incident,Roadway-Unknown,Roadway-Wet Surface Condition,Roadway-Work Zone,Weather - Clear,Weather - Snow,Weather - Cloudy,Weather - Partly Cloudy,Weather - Fog/Smoke/Haze,Weather - Rain,Weather - Severe Wind,Weather - Dust Storm,Weather - Severe Hurricane,Weather - Structure-Indoor,Weather - Unk - See Narrative,Crash With,Highest Injury Severity Alleged,CP Pre-Crash Movement,CP Contact Area - Rear Left,CP Contact Area - Left,CP Contact Area - Front Left,CP Contact Area - Rear,CP Contact Area - Top,CP Contact Area - Front,CP Contact Area - Rear Right,CP Contact Area - Right,CP Contact Area - Front Right,CP Contact Area - Bottom,CP Contact Area - Unknown,SV Pre-Crash Movement,Any Air Bags Deployed?,Was Any Vehicle Towed?,Were All Passengers Belted?,SV Precrash Speed (MPH),SV Pre-crash Speed - Unknown,SV Contact Area - Rear Left,SV Contact Area - Left,SV Contact Area - Front Left,SV Contact Area - Rear,SV Contact Area - Top,SV Contact Area - Front,SV Contact Area - Rear Right,SV Contact Area - Right,SV Contact Area - Front Right,SV Contact Area - Bottom,SV Contact Area - Unknown,Data Availability - EDR,Data Availability - Police Rpt,Data Availability - Telematics,Data Availability - Complaints,Data Availability - Video,Data Availability - Other,Data Availability - No Data,Data Availability - Unknown,Investigating Agency,Investigating Agency - Unknown,Within ODD?,Within ODD? - CBI,Narrative,Narrative - CBI?,hub_delta_v_less_than_1mph,hub_zip_code,hub_location,hub_crash_type,hub_is_police_reported,hub_is_any_injury_reported,data_period
30270-11889,1,Waymo LLC,Monthly,10.0,2025.0,NOV-2025,SADHW2S15R1,Y,[MAY CONTAIN PERSONALLY IDENTIFIABLE INFORMATION],JAGUAR, ,I-PACE, ,2024, ,eb8b996a36032ba,In-Vehicle (Commercial / Test),"5th Generation ADS, Version 10", ,ADS,Verified Not Engaged,Waymo LLC, , ,Y, , , , , , , , , ,OCT-2025, ,09:15, ,3bfb14dae270f00,[MAY CONTAIN PERSONALLY IDENTIFIABLE INFORMATION], ,[MAY CONTAIN PERSONALLY IDENTIFIABLE INFORMATION], ,[MAY CONTAIN PERSONALLY IDENTIFIABLE INFORMATION], ,Phoenix, ,AZ,[MAY CONTAIN PERSONALLY IDENTIFIABLE INFORMATION], ,Highway / Freeway, , ,Y, , , , , , , , ,Y, , , , , , , ,"Other, see Narrative",No Injured Reported,"Other, see Narrative", , , , , , , , , , ,Y,Proceeding Straight,"No Subject Vehicle, No Crash Partner","No Subject Vehicle, No Crash Partner",Subject Vehicle - All Belted,47, , , , , , , , , ,Y, , , , ,Y, ,Y, , , ,, ,Yes, ,"On October 9, 2025 at 9:15 AM MT a Waymo Autonomous Vehicle (""Waymo AV"") operating in Phoenix, Arizona was in a collision involving a trash can on State Route 202 Red Mountain Freeway near Exit 4. 
The Waymo AV was traveling northbound on State Route 202 Red Mountain Freeway in the rightmost lane. A pickup truck that was traveling northbound on State Route 202 in the third from the right lane made contact with a trash can that was in the roadway. The trash can deflected off the pickup truck and rolled across the roadway. As the trash can was entering the Waymo AV's lane of travel, the test driver transitioned the Waymo AV to manual mode and began to maneuver to the right and the trash can made contact with the front of the Waymo AV. At the time of the impact, the Waymo AV's Level 4 ADS was not engaged and a test driver was operating the Waymo AV in manual mode. The Waymo AV sustained damage.

Waymo is reporting this crash under Request No. 2 of Standing General Order 2021-01. Waymo may supplement or correct its reporting with additional information as it may become available.", ,,,,,,,post_june16
30270-11892,1,Waymo LLC,5-Day,,,OCT-2025,SADHW2S16R1,Y,,JAGUAR, ,I-PACE, ,2024, ,a16d9f705417782,,"5th Generation ADS, Version 10", ,ADS,Verified Engaged,Waymo LLC, , ,Y, , , , , , , , , ,OCT-2025, ,14:20, ,8c29f7beadd4b77,[MAY CONTAIN PERSONALLY IDENTIFIABLE INFORMATION], ,[MAY CONTAIN PERSONALLY IDENTIFIABLE INFORMATION], ,[MAY CONTAIN PERSONALLY IDENTIFIABLE INFORMATION], ,Austin, ,TX,[MAY CONTAIN PERSONALLY IDENTIFIABLE INFORMATION], ,Street, , ,Y, , , , , ,Y, , , , , , , , , , ,SUV,Property Damage. No Injured Reported,Changing Lanes, , , , , ,Y, , , , , ,Proceeding Straight,"No Subject Vehicle, No Crash Partner","Yes Subject Vehicle, No Crash Partner",Subject Vehicle - All Belted,28, , , , , , , , ,Y, , , , , ,Y, ,Y, , , ,, ,Yes, ,"On October 13, 2025 at 2:20 PM CT a Waymo Autonomous Vehicle (""Waymo AV"") operating in Austin, Texas was in a collision involving an SUV on S. 1st Street near Barton Springs Road.
The Waymo AV was traveling southwestbound on S. 1st Street in the left lane. An SUV exited the parking lot at 601 Barton Springs Road onto the right lane of southwestbound S. 1st Street in front of and to the right of the Waymo AV and proceeded to cross the dashed white lane line and enter the Waymo AV's lane of travel. The Waymo AV began braking and maneuvered to the left, and the front left side of the SUV made contact with the right side of the Waymo AV. At the time of the impact, the Waymo AV's Level 4 ADS was engaged in autonomous mode. Both vehicles sustained damage.

Waymo is reporting this crash under Request No. 1 of Standing General Order 2021-01 because a vehicle involved was towed away. Waymo may supplement or correct its reporting with additional information as it may become available.", ,,,,,,,post_june16
30270-11905,1,Waymo LLC,5-Day,,,OCT-2025,SADHW2S12R1,Y,,JAGUAR, ,I-PACE, ,2024, ,3ce0e4d09f01ed3,,"5th Generation ADS, Version 10", ,ADS,Verified Engaged,Waymo LLC, , ,Y, , , , , , , , , ,OCT-2025, ,18:56, ,a2201a001fcc54d,[MAY CONTAIN PERSONALLY IDENTIFIABLE INFORMATION], ,[MAY CONTAIN PERSONALLY IDENTIFIABLE INFORMATION], ,[MAY CONTAIN PERSONALLY IDENTIFIABLE INFORMATION], ,Phoenix, ,AZ,[MAY CONTAIN PERSONALLY IDENTIFIABLE INFORMATION], ,Parking Lot, , ,Y, , , , , ,Y, , , , , , , , , , ,Heavy Truck,Property Damage. No Injured Reported,Making Right Turn, , , , , , , ,Y, , , ,Stopped,"No Subject Vehicle, No Crash Partner","Yes Subject Vehicle, No Crash Partner",Subject Vehicle - No Passenger In Vehicle,0, , , , , , ,Y, , , , , , , ,Y, ,Y, , , ,, ,Yes, ,"On October 15, 2025 at 6:56 PM MT a Waymo Autonomous Vehicle (""Waymo AV"") operating in Phoenix, Arizona was in a collision involving a heavy truck in a parking lot at 291 E. Buckeye Road. 
The Waymo AV was traveling east in a parking lot located at 291 E. Buckeye Road when it approached a stopped heavy truck and trailer that was positioned facing north in the left-hand side of the parking lot exit lane. The Waymo AV made a left turn in the parking lot and came to a stop facing north alongside the heavy truck in the right-hand side of the parking lot exit lane when the semi tractor-trailer initiated a right turn onto eastbound E. Buckeye Road from the entrance lane of the parking lot driveway. The right side of the trailer made contact with the front left side of the stationary Waymo AV. At the time of the impact, the Waymo AV's Level 4 ADS was engaged in autonomous mode. The Waymo AV sustained damage.

Waymo is reporting this crash under Request No. 1 of Standing General Order 2021-01. because a vehicle involved was towed away. Waymo may supplement or correct its reporting with additional information as it may become available. Waymo may supplement or correct its reporting with additional information as it may become available.", ,,,,,,,post_june16
30270-11908,1,Waymo LLC,5-Day,,,OCT-2025,SADHW2S18M1,Y,,JAGUAR, ,I-PACE, ,2021, ,036f698e741faac,,"5th Generation ADS, Version 10", ,ADS,Verified Engaged,Waymo LLC, , ,Y, , , , , , , , , ,OCT-2025, ,09:06, ,d47748c82ed906a,[MAY CONTAIN PERSONALLY IDENTIFIABLE INFORMATION], ,[MAY CONTAIN PERSONALLY IDENTIFIABLE INFORMATION], ,[MAY CONTAIN PERSONALLY IDENTIFIABLE INFORMATION], ,Tempe, ,AZ,[MAY CONTAIN PERSONALLY IDENTIFIABLE INFORMATION], ,Intersection, , ,Y, , , , , ,Y, , , , , , , , , , ,SUV,Minor W/O Hospitalization,Changing Lanes, , , , , ,Y, , , , , ,Proceeding Straight,"No Subject Vehicle, No Crash Partner","Yes Subject Vehicle, No Crash Partner",Subject Vehicle - All Belted,36, ,Y, , , , , , , , , , , , ,Y, ,Y, , , ,Tempe Police Department, ,Yes, ,"On October 16, 2025 at 9:06 AM MT a Waymo Autonomous Vehicle (""Waymo AV"") operating in Tempe, Arizona was in a collision involving an SUV on E. Southern Avenue at N. Price Road. 
The Waymo AV was traveling westbound in the leftmost lane on E. Southern Avenue and proceeding straight at a green light at the intersection with N. Price Road. As the Waymo AV entered the intersection, an SUV traveling westbound in the second to the left lane on E. Southern Avenue slowed and maneuvered left into the Waymo AV's lane of travel. The front left side of the SUV made contact with the right rear side of the Waymo AV. At the time of the impact, the Waymo AV's Level 4 ADS was engaged in autonomous mode. Both vehicles sustained damage. The passenger in the Waymo AV alleged a minor injury.

Waymo is reporting this crash under Request No. 1 of Standing General Order 2021-01 because a vehicle involved was towed away. Waymo may supplement or correct its reporting with additional information as it may become available.", ,,,,,,,post_june16
30270-11929,1,Waymo LLC,5-Day,,,OCT-2025,SADHW2S17R1,Y,,JAGUAR, ,I-PACE, ,2024, ,5137be5e956e985,,"5th Generation ADS, Version 10", ,ADS,Verified Engaged,Waymo LLC, , ,Y, , , , , , , , , ,OCT-2025, ,07:48, ,338c89efb1b5863,[MAY CONTAIN PERSONALLY IDENTIFIABLE INFORMATION], ,[MAY CONTAIN PERSONALLY IDENTIFIABLE INFORMATION], ,[MAY CONTAIN PERSONALLY IDENTIFIABLE INFORMATION], ,Phoenix, ,AZ,[MAY CONTAIN PERSONALLY IDENTIFIABLE INFORMATION], ,Intersection, , ,Y, , , , , ,Y, , , , , , , , , , ,Passenger Car,Property Damage. No Injured Reported,Proceeding Straight, , , , , , , , ,Y, , ,Stopped,"No Subject Vehicle, No Crash Partner","Yes Subject Vehicle, No Crash Partner",Subject Vehicle - No Passenger In Vehicle,0, , , , , , , ,Y, , , , , , ,Y, ,Y, , , ,, ,Yes, ,"On October 17, 2025 at 7:48 AM MT a Waymo Autonomous Vehicle (""Waymo AV"") operating in Phoenix, Arizona was in a collision involving a passenger car on N. 32nd Street at E. Roosevelt Street. 
The Waymo AV was stopped facing north in the rightmost lane on N. 32nd Street in a queue of traffic for a red light at the intersection at E. Roosevelt Street. A passenger car traveling northbound in the rightmost lane on N. 32nd Street slowed to a stop directly behind the Waymo AV. After the traffic light turned green and traffic ahead advanced, the Waymo AV proceeded a short distance and came to a stop before entering the intersection, as it detected a siren from an emergency vehicle. The passenger car also proceeded forward initially and then came to a stop to yield to the Waymo AV. While the Waymo AV and the passenger car remained stopped, a second passenger car traveling northbound on N. 32nd Street approached the first passenger car from behind and the front of the second passenger car made contact with the rear of the first passenger car. The front of the first passenger car then made contact with the rear of the stationary Waymo AV. At the time of the impact, the Waymo AV's Level 4 ADS was engaged in autonomous mode. The Waymo AV, the first passenger car, and the second passenger car sustained damage.

Waymo is reporting this crash under Request No. 1 of Standing General Order 2021-01 because a vehicle involved was towed away. Waymo may supplement or correct its reporting with additional information as it may become available.", ,,,,,,,post_june16
30270-11930,1,Waymo LLC,5-Day,,,OCT-2025,SADHW2S12R1,Y,,JAGUAR, ,I-PACE, ,2024, ,bcec9a9a78bd8e4,,"5th Generation ADS, Version 10", ,ADS,Verified Engaged,Waymo LLC, , ,Y, , , , , , , , , ,OCT-2025, ,17:12, ,d3dfc77224865c3,[MAY CONTAIN PERSONALLY IDENTIFIABLE INFORMATION], ,[MAY CONTAIN PERSONALLY IDENTIFIABLE INFORMATION], ,[MAY CONTAIN PERSONALLY IDENTIFIABLE INFORMATION], ,Phoenix, ,AZ,[MAY CONTAIN PERSONALLY IDENTIFIABLE INFORMATION], ,Street, , ,Y, , , , , ,Y, , , , , , , , , , ,Pickup Truck,Property Damage. No Injured Reported,Proceeding Straight, , , , , , , , ,Y, , ,Stopped,"No Subject Vehicle, No Crash Partner","Yes Subject Vehicle, No Crash Partner",Subject Vehicle - All Belted,0, , , , , , , ,Y, , , , , , ,Y, ,Y, , , ,, ,Yes, ,"On October 19, 2025 at 5:12 PM MT a Waymo Autonomous Vehicle (""Waymo AV"") operating in Phoenix, Arizona was in a collision involving a pickup truck on E. McDowell Road at N. 52nd Street. 
The Waymo AV was stopped facing west in the third to the right lane on E. McDowell Road in a queue of traffic for a red light at the intersection with N. 52nd Street. While the Waymo AV remained stopped, a pickup truck traveling westbound on E. McDowell Road approached the Waymo AV from behind and the front of the pickup truck made contact with the rear of the stationary Waymo AV. At the time of the impact, the Waymo AV's Level 4 ADS was engaged in autonomous mode. Both vehicles sustained damage.

Waymo is reporting this crash under Request No. 1 of Standing General Order 2021-01 because a vehicle involved was towed away. Waymo may supplement or correct its reporting with additional information as it may become available.", ,,,,,,,post_june16
30270-11932,1,Waymo LLC,Monthly,10.0,2025.0,NOV-2025,SADHW2S17R1,Y,[MAY CONTAIN PERSONALLY IDENTIFIABLE INFORMATION],JAGUAR, ,I-PACE, ,2024, ,9c232066e8bf4bf,,"5th Generation ADS, Version 10", ,ADS,Verified Engaged,Waymo LLC, , ,Y, , , , , , , , , ,OCT-2025, ,11:09, ,16835e3fd4b2213,[MAY CONTAIN PERSONALLY IDENTIFIABLE INFORMATION], ,[MAY CONTAIN PERSONALLY IDENTIFIABLE INFORMATION], ,[MAY CONTAIN PERSONALLY IDENTIFIABLE INFORMATION], ,Austin, ,TX,[MAY CONTAIN PERSONALLY IDENTIFIABLE INFORMATION], ,Parking Lot, , ,Y, , , , , ,Y, , , , , , , , , , ,SUV,Property Damage. No Injured Reported,Backing, , , , , , ,Y, , , , ,Stopped,"No Subject Vehicle, No Crash Partner","No Subject Vehicle, No Crash Partner",Subject Vehicle - No Passenger In Vehicle,0, , , , , , ,Y, , , , , , , ,Y, ,Y, , , ,, ,Yes, ,"On October 12, 2025 at 11:09 AM CT a Waymo Autonomous Vehicle (""Waymo AV"") operating in Austin, Texas was in a collision involving an SUV in the parking lot at 2043 S. Lamar Boulevard.
In the parking lot at 2043 S. Lamar Boulevard,  the Waymo AV was proceeding slowly behind an SUV traveling northbound. The SUV then came to a stop facing north, and the Waymo AV came to a stop to yield to the stopped SUV. While the Waymo AV remained stopped, the SUV reversed and the rear of the SUV made contact with the front of the stationary Waymo AV. At the time of the impact, the Waymo AV's Level 4 ADS was engaged in autonomous mode. The Waymo AV sustained damage.

Waymo is reporting this crash under Request No. 2 of Standing General Order 2021-01. Waymo may supplement or correct its reporting with additional information as it may become available.", ,,,,,,,post_june16
30270-11933,1,Waymo LLC,Monthly,10.0,2025.0,NOV-2025,SADHW2S16R1,Y,[MAY CONTAIN PERSONALLY IDENTIFIABLE INFORMATION],JAGUAR, ,I-PACE, ,2024, ,34456c5a47af658,,"5th Generation ADS, Version 10", ,ADS,Verified Engaged,Waymo LLC, , ,Y, , , , , , , , , ,OCT-2025, ,12:52, ,9ad4bcde541a63c,[MAY CONTAIN PERSONALLY IDENTIFIABLE INFORMATION], ,[MAY CONTAIN PERSONALLY IDENTIFIABLE INFORMATION], ,[MAY CONTAIN PERSONALLY IDENTIFIABLE INFORMATION], ,Phoenix, ,AZ,[MAY CONTAIN PERSONALLY IDENTIFIABLE INFORMATION], ,Street, , ,Y, , , , , ,Y, , , , , , , , , , ,SUV,Property Damage. No Injured Reported,Changing Lanes, , , , , ,Y, , , , , ,Proceeding Straight,"No Subject Vehicle, No Crash Partner","No Subject Vehicle, No Crash Partner",Subject Vehicle - No Passenger In Vehicle,40, , , , , , , , ,Y, , , , , ,Y, ,Y, , , ,Phoenix Police Department, ,Yes, ,"On October 6, 2025 at 12:52 PM MT a Waymo Autonomous Vehicle (""Waymo AV"") operating in Phoenix, Arizona was in a collision involving an SUV on W. Broadway Road near S. 6th Avenue. 
The Waymo AV was traveling eastbound on W. Broadway Road in the leftmost lane. An SUV was traveling eastbound, ahead of and to the right of the Waymo AV in the center lane on W. Broadway Road. As the Waymo AV continued to proceed straight and approached the SUV, the SUV slowed and maneuvered left without activating a turn signal, crossing the dashed white lane line and entering the Waymo AV's lane of travel. The front left side of the SUV made contact with the right side of the Waymo AV. At the time of the impact, the Waymo AV's Level 4 ADS was engaged in autonomous mode. Both vehicles sustained damage.

Waymo is reporting this crash under Request No. 1 of Standing General Order 2021-01. Waymo may supplement or correct its reporting with additional information as it may become available.", ,,,,,,,post_june16
30270-11954,1,Waymo LLC,Monthly,10.0,2025.0,NOV-2025,SADHW2S10R1,Y,[MAY CONTAIN PERSONALLY IDENTIFIABLE INFORMATION],JAGUAR, ,I-PACE, ,2024, ,be1f3912f0bc859,,"5th Generation ADS, Version 10", ,ADS,Verified Engaged,Waymo LLC, , ,Y, , , , , , , , , ,OCT-2025, ,14:45, ,07dd31c59257efb,[MAY CONTAIN PERSONALLY IDENTIFIABLE INFORMATION], ,[MAY CONTAIN PERSONALLY IDENTIFIABLE INFORMATION], ,[MAY CONTAIN PERSONALLY IDENTIFIABLE INFORMATION], ,Austin, ,TX,[MAY CONTAIN PERSONALLY IDENTIFIABLE INFORMATION], ,Street, , ,Y, , , , , ,Y, , , , , , , , , , ,Bus,Property Damage. No Injured Reported,Changing Lanes, , , , , , , ,Y, , , ,Stopped,"No Subject Vehicle, No Crash Partner","No Subject Vehicle, No Crash Partner",Subject Vehicle - Not Belted - see Narrative,0, , , , ,Y, , , , , , , , , ,Y, ,Y, , , ,, ,Yes, ,"On October 13, 2025 at 2:45 PM CT a Waymo Autonomous Vehicle (""Waymo AV"") operating in Austin, Texas was in a collision involving a bus on E. 11th Street near S. I-35 Frontage Road. 
The Waymo AV was traveling northwestbound on E. 11th Street in the right lane with its right turn signal activated when it slowed to a stop in-lane for a passenger drop-off with hazard lights activated. A bus that was traveling behind the Waymo AV in the right lane proceeded to change lanes to the left lane and the right side of the bus made contact with the left rear side of the stationary Waymo AV. The passenger in the Waymo AV was not belted at the time of the collision, as they were preparing to exit the Waymo AV. At the time of the impact, the Waymo AV's Level 4 ADS was engaged in autonomous mode. The Waymo AV sustained damage.

Waymo is reporting this crash under Request No. 2 of Standing General Order 2021-01. Waymo may supplement or correct its reporting with additional information as it may become available.", ,,,,,,,post_june16
30270-11957,1,Waymo LLC,Monthly,10.0,2025.0,NOV-2025,SADHW2S12R1,Y,[MAY CONTAIN PERSONALLY IDENTIFIABLE INFORMATION],JAGUAR, ,I-PACE, ,2024, ,8842a1f0a42ec07,,"5th Generation ADS, Version 10", ,ADS,Verified Engaged,Waymo LLC, , ,Y, , , , , , , , , ,OCT-2025, ,18:00, ,0744f69d86405c7,[MAY CONTAIN PERSONALLY IDENTIFIABLE INFORMATION], ,[MAY CONTAIN PERSONALLY IDENTIFIABLE INFORMATION], ,[MAY CONTAIN PERSONALLY IDENTIFIABLE INFORMATION], ,Austin, ,TX,[MAY CONTAIN PERSONALLY IDENTIFIABLE INFORMATION], ,Street, , ,Y, , , , , , , ,Y, , , , , , , , ,Heavy Truck,Property Damage. No Injured Reported,Proceeding Straight, , ,Y, , , , , , , , ,Stopped,"No Subject Vehicle, No Crash Partner","No Subject Vehicle, No Crash Partner",Subject Vehicle - No Passenger In Vehicle,0, , , , , , ,Y, , , , , , , ,Y, ,Y, , , ,, ,Yes, ,"On October 16, 2025 at 6:00 PM CT a Waymo Autonomous Vehicle (""Waymo AV"") operating in Austin, Texas was in a collision involving a heavy truck on Montopolis Drive near Burleson Road.
The Waymo AV was stopped facing southwest in the rightmost lane on Montopolis Drive when it activated its left turn signal and proceeded to change lanes to the second from the right lane. While changing lanes, the Waymo AV came to a stop, partially in the rightmost lane and partially in the second to the right  lane, to yield to traffic ahead and a heavy truck that was stopped facing southwest in the adjacent lane behind and to the left of the Waymo AV. The heavy truck proceeded forward momentarily and then stopped. As traffic ahead advanced, the heavy truck proceeded forward and the front right side of the heavy truck made contact with the front left side of the stationary Waymo AV. At the time of the impact, the Waymo AV's Level 4 ADS was engaged in autonomous mode. Both vehicles sustained damage.

Waymo is reporting this crash under Request No. 2 of Standing General Order 2021-01. Waymo may supplement or correct its reporting with additional information as it may become available.", ,,,,,,,post_june16
30270-11958,1,Waymo LLC,Monthly,10.0,2025.0,NOV-2025,SADHW2S16R1,Y,[MAY CONTAIN PERSONALLY IDENTIFIABLE INFORMATION],JAGUAR, ,I-PACE, ,2024, ,0f445a2c5539057,,"5th Generation ADS, Version 10", ,ADS,Verified Engaged,Waymo LLC, , ,Y, , , , , , , , , ,OCT-2025, ,07:33, ,f68620b65cc51a1,[MAY CONTAIN PERSONALLY IDENTIFIABLE INFORMATION], ,[MAY CONTAIN PERSONALLY IDENTIFIABLE INFORMATION], ,[MAY CONTAIN PERSONALLY IDENTIFIABLE INFORMATION], ,Austin, ,TX,[MAY CONTAIN PERSONALLY IDENTIFIABLE INFORMATION], ,Street, , ,Y, , , , , ,Y, , , , , , , , , , ,Bus,Property Damage. No Injured Reported,Backing, , , , , , ,Y, , , , ,Stopped,"No Subject Vehicle, No Crash Partner","No Subject Vehicle, No Crash Partner",Subject Vehicle - All Belted,0, , , , , , , , , ,Y, , , , ,Y, ,Y, , , ,, ,Yes, ,"On October 19, 2025 at 7:33 AM CT a Waymo Autonomous Vehicle (""Waymo AV"") operating in Austin, Texas was in a collision involving a bus on S. 1st Street near Barton Springs Road. 
The Waymo AV was stopped in a queue of traffic that was stopped facing northeast in the rightmost lane on S. 1st Street at the intersection with Barton Springs Road. While the Waymo AV remained stationary, a bus reversed and the rear of the bus made contact with the front of the Waymo AV. At the time of the impact, the Waymo AV's Level 4 ADS was engaged in autonomous mode. The Waymo AV sustained damage.

Waymo is reporting this crash under Request No. 2 of Standing General Order 2021-01. Waymo may supplement or correct its reporting with additional information as it may become available.", ,,,,,,,post_june16
30270-11960,1,Waymo LLC,Monthly,10.0,2025.0,NOV-2025,SADHW2S10R1,Y,[MAY CONTAIN PERSONALLY IDENTIFIABLE INFORMATION],JAGUAR, ,I-PACE, ,2024, ,9b1c2b407c22e12,,"5th Generation ADS, Version 10", ,ADS,Verified Engaged,Waymo LLC, , ,Y, , , , , , , , , ,OCT-2025, ,17:51, ,738ba1de6b64e78,[MAY CONTAIN PERSONALLY IDENTIFIABLE INFORMATION], ,[MAY CONTAIN PERSONALLY IDENTIFIABLE INFORMATION], ,[MAY CONTAIN PERSONALLY IDENTIFIABLE INFORMATION], ,Phoenix, ,AZ,[MAY CONTAIN PERSONALLY IDENTIFIABLE INFORMATION], ,Parking Lot, , ,Y, , , , , ,Y, , , , , , , , , , ,Passenger Car,Property Damage. No Injured Reported,Passing, , , , , , , ,Y, , , ,Stopped,"No Subject Vehicle, No Crash Partner","No Subject Vehicle, No Crash Partner",Subject Vehicle - Not Belted - see Narrative,0, , ,Y, , , , , , , , , , , ,Y, ,Y, , , ,, ,Yes, ,"On October 21, 2025 at 5:51 PM MT a Waymo Autonomous Vehicle (""Waymo AV"") operating in Phoenix, Arizona was in a collision involving a passenger car in a parking lot at 3402 N. Central Avenue. 
The Waymo AV came to a stop facing east in a parking lot at 3402 N. Central Avenue for a passenger drop-off. While the Waymo AV was stopped, a passenger car that had been traveling directly behind the Waymo AV began to maneuver around the Waymo AV to the left. As the passenger car was passing the Waymo AV, the passenger in the Waymo AV proceeded to open the rear left door of the Waymo AV, and the right side mirror of the passenger car made contact with the open rear left side door of the Waymo AV. At the time of the impact, the Waymo AV's Level 4 ADS was engaged in autonomous mode. Both vehicles sustained damage. The passengers in the Waymo AV were not belted at the time of the collision, as they were preparing to exit the vehicle.

Waymo is reporting this crash under Request No. 2 of Standing General Order 2021-01. Waymo may supplement or correct its reporting with additional information as it may become available.", ,,,,,,,post_june16
30270-11987,1,Waymo LLC,5-Day,,,OCT-2025,SADHW2S1XR1,Y,,JAGUAR, ,I-PACE, ,2024, ,e4eadb78f24f1ec,,"5th Generation ADS, Version 10", ,ADS,Verified Engaged,Waymo LLC, , ,Y, , , , , , , , , ,OCT-2025, ,10:57, ,e2d1fb0db303f75,[MAY CONTAIN PERSONALLY IDENTIFIABLE INFORMATION], ,[MAY CONTAIN PERSONALLY IDENTIFIABLE INFORMATION], ,[MAY CONTAIN PERSONALLY IDENTIFIABLE INFORMATION], ,Phoenix, ,AZ,[MAY CONTAIN PERSONALLY IDENTIFIABLE INFORMATION], ,Intersection, , ,Y, , , , , ,Y, , , , , , , , , , ,Pickup Truck,Property Damage. No Injured Reported,Proceeding Straight, , , , , , , , ,Y, , ,Stopped,"No Subject Vehicle, No Crash Partner","Yes Subject Vehicle, No Crash Partner",Subject Vehicle - No Passenger In Vehicle,0, , , , , , , ,Y, , , , , , ,Y, ,Y, , , ,Phoenix Police Department, ,Yes, ,"On October 23, 2025 at 10:57 AM MT a Waymo Autonomous Vehicle (""Waymo AV"") operating in Phoenix, Arizona was in a collision involving a pickup truck on S. 32nd Street at E. Wood Street. 
The Waymo AV was stopped facing north in the rightmost lane on S. 32nd Street for a red light at the intersection at E. Wood Street. While the Waymo AV remained stopped, a pickup truck that was stopped directly behind the Waymo AV proceeded forward, and the front of the pickup truck made contact with the rear of the stationary Waymo AV. At the time of the impact, the Waymo AV's Level 4 ADS was engaged in autonomous mode. Both vehicles sustained damage.

Waymo is reporting this crash under Request No. 1 of Standing General Order 2021-01 because a vehicle involved was towed away. Waymo may supplement or correct its reporting with additional information as it may become available.", ,,,,,,,post_june16