Report ID,Report Version,Reporting Entity,Report Type,Report Month,Report Year,Report Submission Date,VIN,VIN Decoded,Serial Number,Make,Make - Unknown,Model,Model - Unknown,Model Year,Model Year - Unknown,Same Vehicle ID,Driver / Operator Type,Automation Feature Version,Automation Feature Version CBI,Automation System Engaged?,Engagement Status,Operating Entity,Operating Entity - Unknown,Source - Complaint/Claim,Source - Telematics,Source - Law Enforcement,Source - Field Report,Source - Testing,Source - Media,Source - Internal Process Review,Source - NHTSA VOQ,Source - Other - See Narrative,Source - Other Entity,Source - State or Other Agency,Incident Date,Incident Date - Unknown,Incident Time (24:00),Incident Time - Unknown,Same Incident ID,Latitude,Latitude - Unknown,Longitude,Longitude - Unknown,Address,Address - Unknown,City,City - Unknown,State,Zip Code,Zip Code - Unknown,Roadway Type,Roadway-Degraded Surface,Roadway-Missing/Degraded Marking,Roadway-No Unusual Conditions,Roadway-Other-See Narrative,Roadway-Traffic Incident,Roadway-Unknown,Roadway-Wet Surface Condition,Roadway-Work Zone,Weather - Clear,Weather - Snow,Weather - Cloudy,Weather - Partly Cloudy,Weather - Fog/Smoke/Haze,Weather - Rain,Weather - Severe Wind,Weather - Dust Storm,Weather - Severe Hurricane,Weather - Structure-Indoor,Weather - Unk - See Narrative,Crash With,Highest Injury Severity Alleged,CP Pre-Crash Movement,CP Contact Area - Rear Left,CP Contact Area - Left,CP Contact Area - Front Left,CP Contact Area - Rear,CP Contact Area - Top,CP Contact Area - Front,CP Contact Area - Rear Right,CP Contact Area - Right,CP Contact Area - Front Right,CP Contact Area - Bottom,CP Contact Area - Unknown,SV Pre-Crash Movement,Any Air Bags Deployed?,Was Any Vehicle Towed?,Were All Passengers Belted?,SV Precrash Speed (MPH),SV Pre-crash Speed - Unknown,SV Contact Area - Rear Left,SV Contact Area - Left,SV Contact Area - Front Left,SV Contact Area - Rear,SV Contact Area - Top,SV Contact Area - Front,SV Contact Area - Rear Right,SV Contact Area - Right,SV Contact Area - Front Right,SV Contact Area - Bottom,SV Contact Area - Unknown,Data Availability - EDR,Data Availability - Police Rpt,Data Availability - Telematics,Data Availability - Complaints,Data Availability - Video,Data Availability - Other,Data Availability - No Data,Data Availability - Unknown,Investigating Agency,Investigating Agency - Unknown,Within ODD?,Within ODD? - CBI,Narrative,Narrative - CBI?,hub_delta_v_less_than_1mph,hub_zip_code,hub_location,hub_crash_type,hub_is_police_reported,hub_is_any_injury_reported,data_period
30270-11991,1,Waymo LLC,5-Day,,,OCT-2025,SADHW2S15R1,Y,,JAGUAR, ,I-PACE, ,2024, ,e460e2082dd0af4,In-Vehicle (Commercial / Test),"5th Generation ADS, Version 10", ,ADS,Verified Not Engaged,Waymo LLC, , ,Y, , , , , , , , , ,OCT-2025, ,17:38, ,b306c8f759ea3de,[MAY CONTAIN PERSONALLY IDENTIFIABLE INFORMATION], ,[MAY CONTAIN PERSONALLY IDENTIFIABLE INFORMATION], ,[MAY CONTAIN PERSONALLY IDENTIFIABLE INFORMATION], ,Austin, ,TX,[MAY CONTAIN PERSONALLY IDENTIFIABLE INFORMATION], ,Street, , ,Y, , , , , , , ,Y, , , , , , , , ,Pickup Truck,Property Damage. No Injured Reported,Proceeding Straight, , ,Y, , , , , , , , ,Changing Lanes,"No Subject Vehicle, No Crash Partner","Yes Subject Vehicle, No Crash Partner",Subject Vehicle - All Belted,1, , , , , , ,Y, , , , , , , ,Y, ,Y, , , ,, ,Yes, ,"On October 24, 2025 at 5:38 PM CT a Waymo Autonomous Vehicle (""Waymo AV"") operating in Austin, Texas was in a collision involving a pickup truck on S. Highway 183 near Burleson Road.
The Waymo AV was traveling southbound in the left of two lanes on S. Highway 183 in autonomous mode when it came to a stop in a queue of traffic at the intersection with Burleson Road. Leading up to the intersection, a queue of traffic had formed on the left shoulder to enter the dedicated left turn lane at the intersection. The Waymo AV began to initiate a lane change to the designated left turn lane at the point at which that lane began, and came to a stop next to a pickup truck that was stationary, positioned partially in the left shoulder and partially at the entrance to the dedicated left turn lane. As traffic began to advance, the Waymo AV began to proceed forward at a low rate of speed to continue changing lanes. The test driver of the Waymo AV transitioned the Waymo AV to manual mode and began to brake as the pickup truck proceeded forward into the dedicated left turn lane, and the right side of the pickup truck made contact with the front left of the Waymo AV. At the time of the impact, the Waymo AV's Level 4 ADS was not engaged and a test driver was operating the Waymo AV in manual mode. Both vehicles sustained damage.

Waymo is reporting this crash under Request No. 1 of Standing General Order 2021-01  because a vehicle involved was towed away. Waymo may supplement or correct its reporting with additional information as it may become available.", ,,,,,,,post_june16
30270-11992,1,Waymo LLC,5-Day,,,OCT-2025,SADHW2S19R1,Y,,JAGUAR, ,I-PACE, ,2024, ,a1a77b6ab9d5559,,"5th Generation ADS, Version 10", ,ADS,Verified Engaged,Waymo LLC, , ,Y, , , , , , , , , ,OCT-2025, ,09:48, ,394b02ea537b623,[MAY CONTAIN PERSONALLY IDENTIFIABLE INFORMATION], ,[MAY CONTAIN PERSONALLY IDENTIFIABLE INFORMATION], ,[MAY CONTAIN PERSONALLY IDENTIFIABLE INFORMATION], ,Austin, ,TX,[MAY CONTAIN PERSONALLY IDENTIFIABLE INFORMATION], ,Street, , ,Y, , , , , ,Y, , , , , , , , , , ,SUV,Property Damage. No Injured Reported,Passing, ,Y, , , , , , , , , ,Stopped,"No Subject Vehicle, No Crash Partner","Yes Subject Vehicle, No Crash Partner",Subject Vehicle - No Passenger In Vehicle,0, , , , , , , , ,Y, , , , , ,Y, ,Y, , , ,, ,Yes, ,"On October 24, 2025 at 9:48 AM CT a Waymo Autonomous Vehicle (""Waymo AV"") operating in Austin, Texas was in a collision involving an SUV on Colorado Street at W. 6th Street.
The Waymo AV was traveling northbound on Colorado Street and came to a stop for a red light in the designated left turn lane at the intersection with W. 6th Street. While the Waymo AV was stopped, a pedestrian who was the previous passenger in the Waymo AV stood in front of the stationary Waymo AV, preventing the Waymo AV from moving. After receiving over-the-phone assistance from Waymo Rider Support, the prior passenger opened the rear right door of the Waymo AV and began searching the rear seats. The traffic light turned green, and the Waymo remained stopped with the rear right door open. An SUV that was initially stopped directly behind the Waymo AV reversed, then proceeded to pass to the right of the stationary Waymo AV, and the left of the SUV made contact with the open rear right door of the Waymo AV. At the time of the impact, the Waymo AV's Level 4 ADS was engaged in autonomous mode. Both vehicles sustained damage.

Waymo is reporting this crash under Request No. 1 of Standing General Order 2021-01 because a vehicle involved was towed away. Waymo may supplement or correct its reporting with additional information as it may become available.", ,,,,,,,post_june16
30270-11994,1,Waymo LLC,5-Day,,,OCT-2025,SADHW2S14R1,Y,,JAGUAR, ,I-PACE, ,2024, ,7c37f89af1b8b96,,"5th Generation ADS, Version 10", ,ADS,Verified Engaged,Waymo LLC, , ,Y, , , , , , , , , ,OCT-2025, ,12:17, ,1253e75e616baae,[MAY CONTAIN PERSONALLY IDENTIFIABLE INFORMATION], ,[MAY CONTAIN PERSONALLY IDENTIFIABLE INFORMATION], ,[MAY CONTAIN PERSONALLY IDENTIFIABLE INFORMATION], ,Phoenix, ,AZ,[MAY CONTAIN PERSONALLY IDENTIFIABLE INFORMATION], ,Parking Lot, , ,Y, , , , , ,Y, , , , , , , , , , ,SUV,Property Damage. No Injured Reported,Passing, , , , , , , ,Y, , , ,Parked,"No Subject Vehicle, No Crash Partner","Yes Subject Vehicle, No Crash Partner",Subject Vehicle - Not Belted - see Narrative,0, , ,Y, , , , , , , , , , , ,Y, ,Y, , , ,, ,Yes, ,"On October 25, 2025 at 12:17 PM MT a Waymo Autonomous Vehicle (""Waymo AV"") operating in Phoenix, Arizona was in a collision involving an SUV in a parking lot at 2928 E. Osborne Road. 
The Waymo AV was stopped facing north in a parking lot at 2928 E. Osborne Road for a passenger drop-off with its hazard lights activated. An SUV was traveling eastbound on E. Osborne Road, made a left turn into the parking lot and proceeded to pass the Waymo AV on the left. While the SUV was passing the Waymo AV, a passenger in the Waymo AV opened the rear left door and the open rear left door of the stationary Waymo AV made contact with the right side of the SUV. The passenger in the Waymo AV was not belted at the time of the collision, as the passenger was preparing to exit the Waymo AV. At the time of the impact, the Waymo AV's Level 4 ADS was engaged in autonomous mode. Both vehicles sustained damage.

Waymo is reporting this crash under Request No. 1 of Standing General Order 2021-01 because a vehicle involved was towed away. Waymo may supplement or correct its reporting with additional information as it may become available.", ,,,,,,,post_june16
30270-11996,1,Waymo LLC,5-Day,,,OCT-2025,SADHW2S10R1,Y,,JAGUAR, ,I-PACE, ,2024, ,d809f090f988fd5,,"5th Generation ADS, Version 10", ,ADS,Verified Engaged,Waymo LLC, , ,Y, , , , , , , , , ,OCT-2025, ,00:37, ,27d6570e40d2bf3,[MAY CONTAIN PERSONALLY IDENTIFIABLE INFORMATION], ,[MAY CONTAIN PERSONALLY IDENTIFIABLE INFORMATION], ,[MAY CONTAIN PERSONALLY IDENTIFIABLE INFORMATION], ,Austin, ,TX,[MAY CONTAIN PERSONALLY IDENTIFIABLE INFORMATION], ,Street, , , , , , ,Y, , , , , , ,Y, , , , , ,"Other, see Narrative",Property Damage. No Injured Reported,"Other, see Narrative", , , , , , , , , , ,Y,Proceeding Straight,"No Subject Vehicle, No Crash Partner","Yes Subject Vehicle, No Crash Partner",Subject Vehicle - No Passenger In Vehicle,20, , , , , , , ,Y, ,Y,Y, , , ,Y, ,Y, , , ,, ,Yes, ,"On October 25, 2025 at 12:37 AM CT a Waymo Autonomous Vehicle (""Waymo AV"") operating in Austin, Texas traveled through standing water on Harris Boulevard at W. 30th Street. 
The Waymo AV was traveling southwestbound on Harris Boulevard and proceeding straight through the intersection with W. 30th Street when it approached standing water in the Waymo AV''s lane of travel. As the Waymo AV traveled through the standing water, which made contact with the front, rear, and bottom of the Waymo AV. At the time of the impact, the Waymo AV's Level 4 ADS was engaged in autonomous mode. The Waymo AV sustained damage.

Waymo is reporting this crash under Request No. 1 of Standing General Order 2021-01 because a vehicle involved was towed away. Waymo may supplement or correct its reporting with additional information as it may become available.", ,,,,,,,post_june16
30270-12000,1,Waymo LLC,Monthly,10.0,2025.0,NOV-2025,SADHW2S14R1,Y,[MAY CONTAIN PERSONALLY IDENTIFIABLE INFORMATION],JAGUAR, ,I-PACE, ,2024, ,497e6e5cfab8d6c,,"5th Generation ADS, Version 10", ,ADS,Verified Engaged,Waymo LLC, , ,Y, , , , , , , , , ,OCT-2025, ,06:21, ,eacd38d082d8a4d,[MAY CONTAIN PERSONALLY IDENTIFIABLE INFORMATION], ,[MAY CONTAIN PERSONALLY IDENTIFIABLE INFORMATION], ,[MAY CONTAIN PERSONALLY IDENTIFIABLE INFORMATION], ,Phoenix, ,AZ,[MAY CONTAIN PERSONALLY IDENTIFIABLE INFORMATION], ,Street, , ,Y, , , , , ,Y, , , , , , , , , , ,SUV,Property Damage. No Injured Reported,Backing, , , , , , ,Y, , , , ,Parked,"No Subject Vehicle, No Crash Partner","No Subject Vehicle, No Crash Partner",Subject Vehicle - No Passenger In Vehicle,0, , , , , , , , , ,Y, , , , ,Y, ,Y, , , ,Phoenix Police Department, ,Yes, ,"On October 24, 2025 at 6:21 AM MT a Waymo Autonomous Vehicle (""Waymo AV"") operating in Phoenix, Arizona was in a collision involving an SUV on N. 41st Street near E. Campo Bello Drive.
The Waymo AV was parked at the curb facing north on N. 41st Street when an SUV that was parked facing north in front of the Waymo AV reversed, and the rear of the SUV made contact with the front of the stationary Waymo AV. At the time of the impact, the Waymo AV's Level 4 ADS was engaged in autonomous mode. The Waymo AV sustained damage.

Waymo is reporting this crash under Request No. 2 of Standing General Order 2021-01. Waymo may supplement or correct its reporting with additional information as it may become available.", ,,,,,,,post_june16
30270-12012,1,Waymo LLC,5-Day,,,NOV-2025,SADHW2S15R1,Y,,JAGUAR, ,I-PACE, ,2024, ,86ebcd25fb576c4,,"5th Generation ADS, Version 10", ,ADS,Verified Engaged,Waymo LLC, , ,Y, , , , , , , , , ,OCT-2025, ,06:08, ,57e4cb7d01bf5d8,[MAY CONTAIN PERSONALLY IDENTIFIABLE INFORMATION], ,[MAY CONTAIN PERSONALLY IDENTIFIABLE INFORMATION], ,[MAY CONTAIN PERSONALLY IDENTIFIABLE INFORMATION], ,Phoenix, ,AZ,[MAY CONTAIN PERSONALLY IDENTIFIABLE INFORMATION], ,Street, , ,Y, , , , , ,Y, , , , , , , , , , ,Pickup Truck,Minor W/O Hospitalization,Proceeding Straight, , ,Y, , , , , , , , ,Proceeding Straight,"No Subject Vehicle, No Crash Partner","Yes Subject Vehicle, No Crash Partner",Subject Vehicle - All Belted,1, , , , ,Y, , , , , , , , , ,Y, ,Y, , , ,Phoenix Police Department, ,Yes, ,"On October 29, 2025 at 6:08 AM MT a Waymo Autonomous Vehicle (""Waymo AV"") operating in Phoenix, Arizona was in a collision involving a pickup truck on 7th Street at E. Missouri Avenue. 
The Waymo AV was traveling northbound on 7th Street in the rightmost lane when it slowed for a queue of traffic at the intersection with E. Missouri Avenue. As the Waymo AV was slowing, a pickup truck traveling northbound on 7th Street, partially in the rightmost lane and partially in the second from the right lane, approached the Waymo AV from behind and the front right of the pickup truck made contact with the rear left of the Waymo AV. At the time of the impact, the Waymo AV's Level 4 ADS was engaged in autonomous mode. Both vehicles sustained damage. The passenger in the Waymo AV alleged a minor injury.

Waymo is reporting this crash under Request No. 1 of Standing General Order 2021-01 a vehicle involved was towed away. Waymo may supplement or correct its reporting with additional information as it may become available.", ,,,,,,,post_june16
30270-12019,1,Waymo LLC,Monthly,10.0,2025.0,NOV-2025,SADHW2S17R1,Y,[MAY CONTAIN PERSONALLY IDENTIFIABLE INFORMATION],JAGUAR, ,I-PACE, ,2024, ,f865ba97155e173,,"5th Generation ADS, Version 10", ,ADS,Verified Engaged,Waymo LLC, , ,Y, , , , , , , , , ,OCT-2025, ,18:25, ,b11280355566761,[MAY CONTAIN PERSONALLY IDENTIFIABLE INFORMATION], ,[MAY CONTAIN PERSONALLY IDENTIFIABLE INFORMATION], ,[MAY CONTAIN PERSONALLY IDENTIFIABLE INFORMATION], ,Austin, ,TX,[MAY CONTAIN PERSONALLY IDENTIFIABLE INFORMATION], ,Street, , ,Y, , , , , , , ,Y, , , , , , , , ,Heavy Truck,Property Damage. No Injured Reported,Proceeding Straight, ,Y, , , , , , , , , ,Stopped,"No Subject Vehicle, No Crash Partner","No Subject Vehicle, No Crash Partner",Subject Vehicle - All Belted,0, , , , ,Y, , , , , , , , , ,Y, ,Y, , , ,, ,Yes, ,"On October 24, 2025 at 6:25 PM CT a Waymo Autonomous Vehicle (""Waymo AV"") operating in Austin, Texas was in a collision involving a heavy truck on Banton Road near Manor Road. 
The Waymo AV was traveling northbound on a narrow portion of Banton Road, with vehicles parked at the curb in both directions and a pickup truck stopped partially in-lane and partially in a driveway in front of and to the right of the Waymo AV, when the Waymo AV slowed to a stop to yield to an SUV traveling southbound on Banton Road. As the SUV passed the Waymo AV, the Waymo AV proceeded forward momentarily and then stopped to yield to a heavy truck traveling southbound on Banton Road. As the heavy truck was passing the Waymo AV, the left side of the heavy truck made contact with the rear left of the stationary Waymo AV. At the time of the impact, the Waymo AV's Level 4 ADS was engaged in autonomous mode. The Waymo AV sustained damage.

Waymo is reporting this crash under Request No. 2 of Standing General Order 2021-01. Waymo may supplement or correct its reporting with additional information as it may become available.", ,,,,,,,post_june16
30270-12035,1,Waymo LLC,5-Day,,,NOV-2025,SADHW2S11R1,Y,,JAGUAR, ,I-PACE, ,2024, ,bc3d0068e6fa58e,,"5th Generation ADS, Version 10", ,ADS,Verified Engaged,Waymo LLC, , ,Y, , , , , , , , , ,OCT-2025, ,21:00, ,3af663c87eac5ea,[MAY CONTAIN PERSONALLY IDENTIFIABLE INFORMATION], ,[MAY CONTAIN PERSONALLY IDENTIFIABLE INFORMATION], ,[MAY CONTAIN PERSONALLY IDENTIFIABLE INFORMATION], ,Tempe, ,AZ,[MAY CONTAIN PERSONALLY IDENTIFIABLE INFORMATION], ,Street, , ,Y, , , , , ,Y, , , , , , , , , , ,Other Fixed Object,Property Damage. No Injured Reported,,,,,,,,,,,,,Proceeding Straight,"No Subject Vehicle, No Crash Partner","Yes Subject Vehicle, No Crash Partner",Subject Vehicle - Not Belted - see Narrative,5, , , , , , , , , , ,Y, , , ,Y, ,Y, , , ,, ,Yes, ,"On October 30, 2025 at 9:00 PM MT a Waymo Autonomous Vehicle (""Waymo AV"") operating in Tempe, Arizona was in a collision involving a speed bump on W. 7th Street near S. Maple Avenue. 
The Waymo AV was traveling northwestbound on W. 7th Street at a low rate of speed when the undercarriage of the Waymo AV made contact with a speed bump. At the time of the impact, the Waymo AV's Level 4 ADS was engaged in autonomous mode. The Waymo AV sustained damage. A passenger in the Waymo AV was not belted at the time of the collision.

Waymo is reporting this crash under Request No. 1 of Standing General Order 2021-01 because a vehicle involved was towed away. Waymo may supplement or correct its reporting with additional information as it may become available.", ,,,,,,,post_june16
30270-12044,1,Waymo LLC,5-Day,,,NOV-2025,SADHW2S10R1,Y,[MAY CONTAIN PERSONALLY IDENTIFIABLE INFORMATION],JAGUAR, ,I-PACE, ,2024, ,bbbfab6ed0fa88e,,"5th Generation ADS, Version 10", ,ADS,Verified Engaged,Waymo LLC, , ,Y, , , , , , , , , ,OCT-2025, ,15:39, ,e492ceaa28f9a3b,[MAY CONTAIN PERSONALLY IDENTIFIABLE INFORMATION], ,[MAY CONTAIN PERSONALLY IDENTIFIABLE INFORMATION], ,[MAY CONTAIN PERSONALLY IDENTIFIABLE INFORMATION], ,Tempe, ,AZ,[MAY CONTAIN PERSONALLY IDENTIFIABLE INFORMATION], ,Street, , ,Y, , , , , ,Y, , , , , , , , , , ,"Other, see Narrative",Property Damage. No Injured Reported,"Other, see Narrative", , , , , , , , , , ,Y,Proceeding Straight,"No Subject Vehicle, Unknown Crash Partner","Yes Subject Vehicle, Unknown Crash Partner",Subject Vehicle - All Belted,4, ,Y, , , , , , , , , , , , ,Y, ,Y, , , ,, ,Yes, ,"On October 31, 2025 at 3:39 PM MT a Waymo Autonomous Vehicle (""Waymo AV"") operating in Tempe, Arizona was in a collision involving a gate on W. Caroline Lane at S. Beck Avenue. 
The Waymo AV was stopped at the curb facing north in a cul-de-sac on W. Caroline Lane for a passenger pickup near the gated entrance separating W. Caroline Lane from S. Beck Avenue. While the Waymo AV was stopped, a passenger car approached the other side of the gated entrance and the north side of the swinging gate began swinging out into the roadway towards the Waymo AV. As the swinging gate was opening, the Waymo AV proceeded straight and the swinging gate made contact with the rear right side of the Waymo AV. At the time of the impact, the Waymo AV's Level 4 ADS was engaged in autonomous mode. The Waymo AV and the gate sustained damage.

Waymo is reporting this crash under Request No. 1 of Standing General Order 2021-01 because a vehicle involved was towed away. Waymo may supplement or correct its reporting with additional information as it may become available.", ,,,,,,,post_june16
30270-12048,1,Waymo LLC,5-Day,,,NOV-2025,SADHW2S16R1,Y,[MAY CONTAIN PERSONALLY IDENTIFIABLE INFORMATION],JAGUAR, ,I-PACE, ,2024, ,a97d4b2b01ce2b2,,"5th Generation ADS, Version 10", ,ADS,Verified Engaged,Waymo LLC, , ,Y, , , , , , , , , ,NOV-2025, ,11:43, ,f6891896f3deeb6,[MAY CONTAIN PERSONALLY IDENTIFIABLE INFORMATION], ,[MAY CONTAIN PERSONALLY IDENTIFIABLE INFORMATION], ,[MAY CONTAIN PERSONALLY IDENTIFIABLE INFORMATION], ,Austin, ,TX,[MAY CONTAIN PERSONALLY IDENTIFIABLE INFORMATION], ,Intersection, , ,Y, , , , , ,Y, , , , , , , , , , ,SUV,Minor W/O Hospitalization,Making Left Turn, , , , , ,Y, , , , , ,Proceeding Straight,"No Subject Vehicle, No Crash Partner","Yes Subject Vehicle, No Crash Partner",Subject Vehicle - All Belted,17, , ,Y, , , , , , , , , , , ,Y, ,Y, , , ,Austin Police Department, ,Yes, ,"On November 2, 2025 at 11:43 AM CT a Waymo Autonomous Vehicle (""Waymo AV"") operating in Austin, Texas was in a collision involving an SUV on 38 1/2 Street E. at Red River Street. 
The Waymo AV was traveling eastbound in the right lane on 38 1/2 Street E. and proceeding straight at a green light at the intersection with Red River Street. While the Waymo AV was proceeding through the intersection, an SUV that was traveling westbound in the designated left turn lane on 38 1/2 Street E. proceeded to make an unprotected left turn onto southbound Red River Street and crossed into the Waymo AV's lane of travel, and the front left side of the SUV made contact with the left side of the Waymo AV. At the time of the impact, the Waymo AV's Level 4 ADS was engaged in autonomous mode. Both vehicles sustained damage. A passenger in the Waymo AV alleged a minor injury.

Waymo is reporting this crash under Request No. 1 of Standing General Order 2021-01 because a vehicle involved was towed away. Waymo may supplement or correct its reporting with additional information as it may become available.", ,,,,,,,post_june16
30270-12051,1,Waymo LLC,5-Day,,,NOV-2025,SADHW2S18R1,Y,[MAY CONTAIN PERSONALLY IDENTIFIABLE INFORMATION],JAGUAR, ,I-PACE, ,2024, ,6754a0a7ed022ae,,"5th Generation ADS, Version 10", ,ADS,Verified Engaged,Waymo LLC, , ,Y, , , , , , , , , ,NOV-2025, ,02:13, ,69636cc1600b313,[MAY CONTAIN PERSONALLY IDENTIFIABLE INFORMATION], ,[MAY CONTAIN PERSONALLY IDENTIFIABLE INFORMATION], ,[MAY CONTAIN PERSONALLY IDENTIFIABLE INFORMATION], ,Scottsdale, ,AZ,[MAY CONTAIN PERSONALLY IDENTIFIABLE INFORMATION], ,Street, , ,Y, , , , , ,Y, , , , , , , , , , ,SUV,Minor W/ Hospitalization,Proceeding Straight, , , , , ,Y, , , , , ,Proceeding Straight,"Yes Subject Vehicle, Yes Crash Partner","Yes Subject Vehicle, Yes Crash Partner",Subject Vehicle - No Passenger In Vehicle,25, , , , , , ,Y, , , , , , , ,Y, ,Y, , , ,Phoenix Police Department, ,Yes, ,"On November 2, 2025 at 2:13 AM MT a Waymo Autonomous Vehicle (""Waymo AV"") operating in Scottsdale, Arizona was in a collision involving a SUV on E. Acoma Drive near N. 68th Street.
The Waymo AV was traveling westbound on E. Acoma Drive when an SUV traveling eastbound on E. Acoma Drive crossed the center dashed yellow line and entered the Waymo AV's lane of travel, and the front left side of the SUV made contact with the front left side of the Waymo AV. At the time of the impact, the Waymo AV's Level 4 ADS was engaged in autonomous mode. Both vehicles sustained damage. The driver of the SUV alleged injuries and was transported to a hospital by an ambulance.

Waymo is reporting this crash under Request No. 1 of Standing General Order 2021-01 because an individual involved was transported from the scene to a hospital for medical treatment. Waymo may supplement or correct its reporting with additional information as it may become available.", ,,,,,,,post_june16
30270-12052,1,Waymo LLC,5-Day,,,NOV-2025,SADHW2S11R1,Y,[MAY CONTAIN PERSONALLY IDENTIFIABLE INFORMATION],JAGUAR, ,I-PACE, ,2024, ,0507c8ddad77a9c,,"5th Generation ADS, Version 10", ,ADS,Verified Engaged,Waymo LLC, , ,Y, , , , , , , , , ,OCT-2025, ,00:37, ,d22f3c0f546b64e,[MAY CONTAIN PERSONALLY IDENTIFIABLE INFORMATION], ,[MAY CONTAIN PERSONALLY IDENTIFIABLE INFORMATION], ,[MAY CONTAIN PERSONALLY IDENTIFIABLE INFORMATION], ,Scottsdale, ,AZ,[MAY CONTAIN PERSONALLY IDENTIFIABLE INFORMATION], ,Street, , ,Y, , , , , ,Y, , , , , , , , , , ,Passenger Car,Property Damage. No Injured Reported,Passing, ,Y, , , , , , , , , ,Stopped,"No Subject Vehicle, No Crash Partner","Yes Subject Vehicle, No Crash Partner",Subject Vehicle - No Passenger In Vehicle,0, , , , ,Y, , , , , , , , , ,Y, ,Y, , , ,, ,Yes, ,"On October 31, 2025 at 12:37 AM MT a Waymo Autonomous Vehicle (""Waymo AV"") operating in Scottsdale, Arizona was in a collision involving a passenger car in an alley behind 7325 E. Shoeman Lane.
The Waymo AV was parked facing east in the alley behind 7325 E. Shoeman Lane with hazard lights activated when a passenger car that was traveling southbound on N. Wells Fargo Avenue made a right turn into the alley. As the passenger car proceeded westbound in the alley to pass the parked Waymo AV on the left, the left side of the passenger car made contact with the rear left side of the stationary Waymo AV. At the time of the impact, the Waymo AV's Level 4 ADS was engaged in autonomous mode. Both vehicles sustained damage.

Waymo is reporting this crash under Request No. 1 of Standing General Order 2021-01 because a vehicle involved was towed away. Waymo may supplement or correct its reporting with additional information as it may become available.", ,,,,,,,post_june16
30270-12053,1,Waymo LLC,5-Day,,,NOV-2025,SADHW2S18R1,Y,[MAY CONTAIN PERSONALLY IDENTIFIABLE INFORMATION],JAGUAR, ,I-PACE, ,2024, ,26315ce12f70421,,"5th Generation ADS, Version 10", ,ADS,Verified Engaged,Waymo LLC, , ,Y, , , , , , , , , ,OCT-2025, ,06:42, ,211c0979b29b3ef,[MAY CONTAIN PERSONALLY IDENTIFIABLE INFORMATION], ,[MAY CONTAIN PERSONALLY IDENTIFIABLE INFORMATION], ,[MAY CONTAIN PERSONALLY IDENTIFIABLE INFORMATION], ,Phoenix, ,AZ,[MAY CONTAIN PERSONALLY IDENTIFIABLE INFORMATION], ,Street, , ,Y, , , , , , , ,Y, , , , , , , , ,Pickup Truck,Property Damage. No Injured Reported,Proceeding Straight, , , , , , , , ,Y, , ,Stopped,"No Subject Vehicle, No Crash Partner","Yes Subject Vehicle, No Crash Partner",Subject Vehicle - All Belted,0, , , , , , , ,Y, , , , , , ,Y, ,Y, , , ,Phoenix Police Department, ,Yes, ,"On October 31, 2025 at 6:42 AM MT a Waymo Autonomous Vehicle (""Waymo AV"") operating in Phoenix, Arizona was in a collision involving a pickup truck on Thomas Road near N. 12th Street. 
The Waymo AV was traveling eastbound in the third from the right lane on Thomas Road. As the Waymo AV approached the intersection at N. 12th Street, it slowed to a stop prior to entering the intersection due to debris in the Waymo AV's lane of travel. A pickup truck traveling eastbound on Thomas Road behind the Waymo AV approached the Waymo AV from behind and the front of the pickup truck made contact with the rear of the stationary Waymo AV. At the time of the impact, the Waymo AV's Level 4 ADS was engaged in autonomous mode. Both vehicles sustained damage.

Waymo is reporting this crash under Request No. 1 of Standing General Order 2021-01 because a vehicle involved was towed away. Waymo may supplement or correct its reporting with additional information as it may become available.", ,,,,,,,post_june16