Report ID,Report Version,Reporting Entity,Report Type,Report Month,Report Year,Report Submission Date,VIN,VIN Decoded,Serial Number,Make,Make - Unknown,Model,Model - Unknown,Model Year,Model Year - Unknown,Same Vehicle ID,Driver / Operator Type,Automation Feature Version,Automation Feature Version CBI,Automation System Engaged?,Engagement Status,Operating Entity,Operating Entity - Unknown,Source - Complaint/Claim,Source - Telematics,Source - Law Enforcement,Source - Field Report,Source - Testing,Source - Media,Source - Internal Process Review,Source - NHTSA VOQ,Source - Other - See Narrative,Source - Other Entity,Source - State or Other Agency,Incident Date,Incident Date - Unknown,Incident Time (24:00),Incident Time - Unknown,Same Incident ID,Latitude,Latitude - Unknown,Longitude,Longitude - Unknown,Address,Address - Unknown,City,City - Unknown,State,Zip Code,Zip Code - Unknown,Roadway Type,Roadway-Degraded Surface,Roadway-Missing/Degraded Marking,Roadway-No Unusual Conditions,Roadway-Other-See Narrative,Roadway-Traffic Incident,Roadway-Unknown,Roadway-Wet Surface Condition,Roadway-Work Zone,Weather - Clear,Weather - Snow,Weather - Cloudy,Weather - Partly Cloudy,Weather - Fog/Smoke/Haze,Weather - Rain,Weather - Severe Wind,Weather - Dust Storm,Weather - Severe Hurricane,Weather - Structure-Indoor,Weather - Unk - See Narrative,Crash With,Highest Injury Severity Alleged,CP Pre-Crash Movement,CP Contact Area - Rear Left,CP Contact Area - Left,CP Contact Area - Front Left,CP Contact Area - Rear,CP Contact Area - Top,CP Contact Area - Front,CP Contact Area - Rear Right,CP Contact Area - Right,CP Contact Area - Front Right,CP Contact Area - Bottom,CP Contact Area - Unknown,SV Pre-Crash Movement,Any Air Bags Deployed?,Was Any Vehicle Towed?,Were All Passengers Belted?,SV Precrash Speed (MPH),SV Pre-crash Speed - Unknown,SV Contact Area - Rear Left,SV Contact Area - Left,SV Contact Area - Front Left,SV Contact Area - Rear,SV Contact Area - Top,SV Contact Area - Front,SV Contact Area - Rear Right,SV Contact Area - Right,SV Contact Area - Front Right,SV Contact Area - Bottom,SV Contact Area - Unknown,Data Availability - EDR,Data Availability - Police Rpt,Data Availability - Telematics,Data Availability - Complaints,Data Availability - Video,Data Availability - Other,Data Availability - No Data,Data Availability - Unknown,Investigating Agency,Investigating Agency - Unknown,Within ODD?,Within ODD? - CBI,Narrative,Narrative - CBI?,hub_delta_v_less_than_1mph,hub_zip_code,hub_location,hub_crash_type,hub_is_police_reported,hub_is_any_injury_reported,data_period
30270-13024,1,Waymo LLC,5-Day,,,NOV-2025,SADHW2S17R1,Y,[MAY CONTAIN PERSONALLY IDENTIFIABLE INFORMATION],JAGUAR, ,I-PACE, ,2024, ,393fb4f6248d68d,,"5th Generation ADS, Version 10", ,ADS,Verified Engaged,Waymo LLC, , ,Y, , , , , , , , , ,NOV-2025, ,10:01, ,893ec9b89be0d16,[MAY CONTAIN PERSONALLY IDENTIFIABLE INFORMATION], ,[MAY CONTAIN PERSONALLY IDENTIFIABLE INFORMATION], ,[MAY CONTAIN PERSONALLY IDENTIFIABLE INFORMATION], ,Phoenix, ,AZ,[MAY CONTAIN PERSONALLY IDENTIFIABLE INFORMATION], ,Parking Lot, , ,Y, , , , , ,Y, , , , , , , , , , ,Passenger Car,Property Damage. No Injured Reported,Backing, , , , , , ,Y, , , , ,Proceeding Straight,"No Subject Vehicle, No Crash Partner","Yes Subject Vehicle, No Crash Partner",Subject Vehicle - Not Belted - see Narrative,5, , ,Y, , , , , , , , , , , ,Y, ,Y, , , ,, ,Yes, ,"On November 4, 2025 at 10:01 AM MT a Waymo Autonomous Vehicle (""Waymo AV"") operating in Phoenix, Arizona was in a collision involving a passenger car in a parking lot at 4940 E. Ray Road. 
The Waymo AV was parked facing west in a parking lot at 4940 E. Ray Road with hazard lights activated for a passenger pick-up. While the Waymo AV was parked, a passenger car traveling westbound in the parking lot passed the Waymo AV on the left, made a left turn, and came to a stop. While the passenger car was stopped in front of and to the left of the Waymo AV, the Waymo AV proceeded forward to travel westbound in the parking lot. As the Waymo AV was passing behind the passenger car, the passenger car reversed, and the rear of the passenger car made contact with the left side of the Waymo AV. At the time of the impact, the Waymo AV's Level 4 ADS was engaged in autonomous mode. Both vehicles sustained damage. The passenger in the Waymo AV was not belted at the time of the collision.

Waymo is reporting this crash under Request No. 1 of Standing General Order 2021-01 because a vehicle involved was towed away. Waymo may supplement or correct its reporting with additional information as it may become available.", ,,,,,,,post_june16
30270-13026,1,Waymo LLC,Monthly,10.0,2025.0,NOV-2025,SADHW2S18R1,Y,[MAY CONTAIN PERSONALLY IDENTIFIABLE INFORMATION],JAGUAR, ,I-PACE, ,2024, ,77d6d53bf2f20e3,In-Vehicle (Commercial / Test),"5th Generation ADS, Version 10", ,ADS,Verified Engaged,Waymo LLC, , ,Y, , , , , , , , , ,OCT-2025, ,13:28, ,8182bf3ee7005af,[MAY CONTAIN PERSONALLY IDENTIFIABLE INFORMATION], ,[MAY CONTAIN PERSONALLY IDENTIFIABLE INFORMATION], ,[MAY CONTAIN PERSONALLY IDENTIFIABLE INFORMATION], ,Washington, ,DC,[MAY CONTAIN PERSONALLY IDENTIFIABLE INFORMATION], ,Street, , ,Y, , , , , ,Y, , , , , , , , , , ,SUV,Property Damage. No Injured Reported,Proceeding Straight, , , , , , ,Y, , , , ,Proceeding Straight,"No Subject Vehicle, No Crash Partner","No Subject Vehicle, No Crash Partner",Subject Vehicle - All Belted,2, , , , , , , ,Y, , , , , , ,Y, ,Y, , , ,Metropolitan Police Department of the District of Columbia, ,Yes, ,"On October 31, 2025 at 1:28 PM ET a Waymo Autonomous Vehicle (""Waymo AV"") operating in Washington, D.C. was in a collision involving an SUV on N. Capitol Street NW near P Street NW. 
The Waymo AV was stopped facing south in the left lane on N. Capitol Street NW in a queue of traffic for a red light at the intersection with P Street NW. After the light turned green and traffic ahead advanced, the Waymo AV began to proceed forward at a low rate of speed and an SUV that was initially stopped directly behind the Waymo AV approached the Waymo AV from behind and the front of the SUV made contact with the rear of the Waymo AV. At the time of the impact, the Waymo AV's Level 4 ADS was engaged in autonomous mode, and a test driver was present in the driver's seating position. Both vehicles sustained damage.

Waymo is reporting this crash under Request No. 2 of Standing General Order 2021-01. Waymo may supplement or correct its reporting with additional information as it may become available.", ,,,,,,,post_june16
30270-13028,1,Waymo LLC,Monthly,10.0,2025.0,NOV-2025,SADHW2S11R1,Y,[MAY CONTAIN PERSONALLY IDENTIFIABLE INFORMATION],JAGUAR, ,I-PACE, ,2024, ,28048860fd50fc5,,"5th Generation ADS, Version 10", ,ADS,Verified Engaged,Waymo LLC, , ,Y, , , , , , , , , ,OCT-2025, ,22:20, ,c29240f2dbc64e7,[MAY CONTAIN PERSONALLY IDENTIFIABLE INFORMATION], ,[MAY CONTAIN PERSONALLY IDENTIFIABLE INFORMATION], ,[MAY CONTAIN PERSONALLY IDENTIFIABLE INFORMATION], ,Atlanta, ,GA,[MAY CONTAIN PERSONALLY IDENTIFIABLE INFORMATION], ,Street, , ,Y, , , , , ,Y, , , , , , , , , , ,Passenger Car,Property Damage. No Injured Reported,Backing, , , ,Y, , , , , , , ,Stopped,"No Subject Vehicle, No Crash Partner","No Subject Vehicle, No Crash Partner",Subject Vehicle - All Belted,0, , , ,Y, , , , , , , , , , ,Y, ,Y, , , ,, ,Yes, ,"On October 30, 2025 at 10:20 PM ET a Waymo Autonomous Vehicle (""Waymo AV"") operating in Atlanta, Georgia was in a collision involving a passenger car on Irby Avenue NW near Cains Hill Place NW.
The Waymo AV was traveling eastbound on Irby Avenue NW with its left turn signal activated when it slowed to a stop to yield to a passenger car that was stopped partially in-lane facing east at the southern curb of Irby Avenue NW. After westbound traffic on Irby Avenue NW cleared, the Waymo proceeded to pass the stationary passenger car on the left. As the Waymo AV proceeded forward and to the left, the passenger car reversed and the Waymo AV came to a stop to yield to the passenger car. The passenger car continued to reverse and the rear left of the passenger car made contact with the front right of the stationary Waymo AV. At the time of the impact, the Waymo AV's Level 4 ADS was engaged in autonomous mode. The passenger car sustained damage.

Waymo is reporting this crash under Request No. 2 of Standing General Order 2021-01. Waymo may supplement or correct its reporting with additional information as it may become available.", ,,,,,,,post_june16
30270-13058,1,Waymo LLC,5-Day,,,NOV-2025,SADHW2S17R1,Y,[MAY CONTAIN PERSONALLY IDENTIFIABLE INFORMATION],JAGUAR, ,I-PACE, ,2024, ,dc20957aabc6402,,"5th Generation ADS, Version 10", ,ADS,Verified Engaged,Waymo LLC, , ,Y, , , , , , , , , ,NOV-2025, ,15:39, ,8fe386c2f10accc,[MAY CONTAIN PERSONALLY IDENTIFIABLE INFORMATION], ,[MAY CONTAIN PERSONALLY IDENTIFIABLE INFORMATION], ,[MAY CONTAIN PERSONALLY IDENTIFIABLE INFORMATION], ,Phoenix, ,AZ,[MAY CONTAIN PERSONALLY IDENTIFIABLE INFORMATION], ,Street, , ,Y, , , , , , , , , , , , , , ,Y, ,Pickup Truck,Property Damage. No Injured Reported,Entering Traffic, , , , , ,Y, , , , , ,Changing Lanes,"No Subject Vehicle, No Crash Partner","Yes Subject Vehicle, No Crash Partner",Subject Vehicle - No Passenger In Vehicle,25, ,Y, , , , , , , , , , , , ,Y, ,Y, , , ,Phoenix Police Department, ,Yes, ,"On November 4, 2025 at 3:39 PM MT a Waymo Autonomous Vehicle (""Waymo AV"") operating in Phoenix, Arizona was in a collision involving a pickup truck at 3400 Sky Harbor Boulevard, Terminal 4 at the Phoenix Sky Harbor International Airport. 
The Waymo AV was traveling westbound in the right lane of 3400 Sky Harbor Boulevard, Terminal 4 when it began to change lanes to the center lane. A pickup truck stopped at the curb in the passenger loading/unloading zone, facing west and to the right of the Waymo AV began to pull away from the curb into the right lane and the front left side of the pickup truck made contact with the rear right side of the Waymo AV. At the time of the impact, the Waymo AV's Level 4 ADS was engaged in autonomous mode. Both vehicles sustained damage.

Waymo is reporting this crash under Request No. 1 of Standing General Order 2021-01 because a vehicle involved was towed away. Waymo may supplement or correct its reporting with additional information as it may become available.", ,,,,,,,post_june16
30270-13060,1,Waymo LLC,5-Day,,,NOV-2025,SADHW2S12R1,Y,[MAY CONTAIN PERSONALLY IDENTIFIABLE INFORMATION],JAGUAR, ,I-PACE, ,2024, ,ca62eeaf8438407,,"5th Generation ADS, Version 10", ,ADS,Verified Engaged,Waymo LLC, , ,Y, , , , , , , , , ,NOV-2025, ,00:37, ,49f1db49f8cd147,[MAY CONTAIN PERSONALLY IDENTIFIABLE INFORMATION], ,[MAY CONTAIN PERSONALLY IDENTIFIABLE INFORMATION], ,[MAY CONTAIN PERSONALLY IDENTIFIABLE INFORMATION], ,Austin, ,TX,[MAY CONTAIN PERSONALLY IDENTIFIABLE INFORMATION], ,Intersection, , ,Y, , , , , ,Y, , , , , , , , , , ,Passenger Car,Minor W/ Hospitalization,Traveling Wrong Way, , , , , ,Y, , , , , ,Parked,"Yes Subject Vehicle, Yes Crash Partner","Yes Subject Vehicle, Yes Crash Partner",Subject Vehicle - All Belted,0, , , , , , ,Y, , , , , , , ,Y, ,Y, , , ,Austin Police Department, ,Yes, ,"On November 6, 2025 at 12:37 AM CT a Waymo Autonomous Vehicle (""Waymo AV"") operating in Austin, Texas was in a collision involving a passenger car on S. I-35 Frontage Road at Manor Road. 
The Waymo AV was stopped facing southwest in the designated left turn lane on S. I-35 Frontage Road at the intersection with Manor Road with hazard lights activated. A passenger car traveling northeastbound on S. I-35 Frontage Road, in the Waymo AV's lane of travel and against the proper direction of traffic, approached the front of the Waymo AV, and the front left side of the passenger car made contact with the front left side of the stationary Waymo AV. At the time of the impact, the Waymo AV's Level 4 ADS was engaged in autonomous mode. Both vehicles sustained damage. The driver of the passenger car alleged minor injuries and was transported to a hospital in an ambulance.

Waymo is reporting this crash under Request No. 1 of Standing General Order 2021-01 because an individual involved was transported from the scene to a hospital for medical treatment Waymo may supplement or correct its reporting with additional information as it may become available.", ,,,,,,,post_june16
30270-13081,1,Waymo LLC,5-Day,,,NOV-2025,SADHW2S1XR1,Y,[MAY CONTAIN PERSONALLY IDENTIFIABLE INFORMATION],JAGUAR, ,I-PACE, ,2024, ,2f014456b7b3b3c,,"5th Generation ADS, Version 10", ,ADS,Verified Engaged,Waymo LLC, , ,Y, , , , , , , , , ,NOV-2025, ,20:59, ,65ade2f4391bf55,[MAY CONTAIN PERSONALLY IDENTIFIABLE INFORMATION], ,[MAY CONTAIN PERSONALLY IDENTIFIABLE INFORMATION], ,[MAY CONTAIN PERSONALLY IDENTIFIABLE INFORMATION], ,Austin, ,TX,[MAY CONTAIN PERSONALLY IDENTIFIABLE INFORMATION], ,Street, , ,Y, , , , , ,Y, , , , , , , , , , ,Passenger Car,Property Damage. No Injured Reported,Changing Lanes, , ,Y, , , , , , , , ,Proceeding Straight,"No Subject Vehicle, No Crash Partner","Yes Subject Vehicle, No Crash Partner",Subject Vehicle - All Belted,21, , , , ,Y, , , , , , , , , ,Y, ,Y, , , ,, ,Yes, ,"On November 8, 2025 at 8:59 PM CT a Waymo Autonomous Vehicle (""Waymo AV"") operating in Austin, Texas was in a collision involving a passenger car on S. Lamar Boulevard near Collier Street. 
The Waymo AV was traveling southwestbound in the second from the right lane on S. Lamar Boulevard when a passenger car that was stopped facing southwest in the adjacent bidirectional center turn lane proceeded to change lanes to the Waymo AV's lane of travel, and the front right side of the passenger car made contact with the rear left side of the Waymo AV. At the time of the impact, the Waymo AV's Level 4 ADS was engaged in autonomous mode. The Waymo AV sustained damage.

Waymo is reporting this crash under Request No. 1 of Standing General Order 2021-01 because a vehicle involved was towed away. Waymo may supplement or correct its reporting with additional information as it may become available.", ,,,,,,,post_june16
30270-13084,1,Waymo LLC,Monthly,11.0,2025.0,DEC-2025,SADHW2S15M1,Y,[MAY CONTAIN PERSONALLY IDENTIFIABLE INFORMATION],JAGUAR, ,I-PACE, ,2021, ,5029f28c707f0ca,,"5th Generation ADS, Version 10", ,ADS,Verified Engaged,Waymo LLC, , ,Y, , , , , , , , , ,NOV-2025, ,23:20, ,94afab31e9d3916,[MAY CONTAIN PERSONALLY IDENTIFIABLE INFORMATION], ,[MAY CONTAIN PERSONALLY IDENTIFIABLE INFORMATION], ,[MAY CONTAIN PERSONALLY IDENTIFIABLE INFORMATION], ,Phoenix, ,AZ,[MAY CONTAIN PERSONALLY IDENTIFIABLE INFORMATION], ,Street, , ,Y, , , , , ,Y, , , , , , , , , , ,SUV,Property Damage. No Injured Reported,Changing Lanes, , , , , , , ,Y, , , ,Proceeding Straight,"No Subject Vehicle, No Crash Partner","No Subject Vehicle, No Crash Partner",Subject Vehicle - No Passenger In Vehicle,2, , , , , , ,Y, , , , , , , ,Y, ,Y, , , ,Phoenix Police Department, ,Yes, ,"On November 5, 2025 at 11:20 PM MT a Waymo Autonomous Vehicle (""Waymo AV"") operating in Phoenix, Arizona was in a collision involving an SUV on E. Portland Street near N. 3rd Street. 
The Waymo AV was parked at the curb facing east on E. Portland Street for a passenger drop-off with hazard lights activated and an SUV was traveling eastbound on E. Portland Street. As the SUV approached the stationary Waymo AV, the Waymo AV activated its left turn signal and the SUV proceeded to pass the Waymo AV on the left. As the SUV was passing the Waymo AV, the Waymo AV proceeded forward at the curb while the SUV maneuvered right to approach the curb, entering the Waymo AV's lane of travel, and the right side of the SUV made contact with the front left side of the Waymo AV. At the time of the impact, the Waymo AV's Level 4 ADS was engaged in autonomous mode. Both vehicles sustained damage.

Waymo is reporting this crash under Request No. 2 of Standing General Order 2021-01. Waymo may supplement or correct its reporting with additional information as it may become available.", ,,,,,,,post_june16
30270-13085,1,Waymo LLC,Monthly,11.0,2025.0,DEC-2025,SADHW2S15R1,Y,[MAY CONTAIN PERSONALLY IDENTIFIABLE INFORMATION],JAGUAR, ,I-PACE, ,2024, ,d873964734d4e83,,"5th Generation ADS, Version 10", ,ADS,Verified Engaged,Waymo LLC, , ,Y, , , , , , , , , ,NOV-2025, ,08:35, ,e60b29907e64039,[MAY CONTAIN PERSONALLY IDENTIFIABLE INFORMATION], ,[MAY CONTAIN PERSONALLY IDENTIFIABLE INFORMATION], ,[MAY CONTAIN PERSONALLY IDENTIFIABLE INFORMATION], ,Tempe, ,AZ,[MAY CONTAIN PERSONALLY IDENTIFIABLE INFORMATION], ,Intersection, , ,Y, , , , , ,Y, , , , , , , , , , ,Passenger Car,Property Damage. No Injured Reported,Making Left Turn, , , , , , , , ,Y, , ,Proceeding Straight,"No Subject Vehicle, No Crash Partner","No Subject Vehicle, No Crash Partner",Subject Vehicle - No Passenger In Vehicle,33, , ,Y, , , , , , , , , , , ,Y, ,Y, , , ,Tempe Police Department, ,Yes, ,"On November 6, 2025 at 8:35 AM MT a Waymo Autonomous Vehicle (""Waymo AV"") operating in Tempe, Arizona was in a collision involving a passenger car on E. Guadalupe Road at N. Price Road. 
The Waymo AV was traveling westbound in the second from the right lane on E. Guadalupe Road, proceeding straight at a green light through the intersection with N. Price Road. As the Waymo AV approached the exit of the intersection, a passenger car traveling eastbound on E. Guadalupe Road in the leftmost designated left turn lane proceeded to make an unprotected left turn against a red light onto N. Price Road, entered the Waymo AV's lane of travel, the Waymo AV braked and maneuvered to the right, and the front of the passenger car made contact with the left side of the Waymo AV. At the time of the impact, the Waymo AV's Level 4 ADS was engaged in autonomous mode. Both vehicles sustained damage.

Waymo is reporting this crash under Request No. 2 of Standing General Order 2021-01. Waymo may supplement or correct its reporting with additional information as it may become available.", ,,,,,,,post_june16
30270-13088,1,Waymo LLC,Monthly,11.0,2025.0,DEC-2025,SADHW2S11R1,Y,[MAY CONTAIN PERSONALLY IDENTIFIABLE INFORMATION],JAGUAR, ,I-PACE, ,2024, ,6f9395ec533e0cd,,"5th Generation ADS, Version 10", ,ADS,Verified Engaged,Waymo LLC, , ,Y, , , , , , , , , ,NOV-2025, ,19:42, ,a741512b0811bdc,[MAY CONTAIN PERSONALLY IDENTIFIABLE INFORMATION], ,[MAY CONTAIN PERSONALLY IDENTIFIABLE INFORMATION], ,[MAY CONTAIN PERSONALLY IDENTIFIABLE INFORMATION], ,Atlanta, ,GA,[MAY CONTAIN PERSONALLY IDENTIFIABLE INFORMATION], ,Intersection, , ,Y, , , , , ,Y, , , , , , , , , , ,SUV,Property Damage. No Injured Reported,Making Right Turn, , ,Y, , , , , , , , ,Making Right Turn,"No Subject Vehicle, No Crash Partner","No Subject Vehicle, No Crash Partner",Subject Vehicle - No Passenger In Vehicle,2, , , , ,Y, , , , , , , , , ,Y, ,Y, , , ,, ,Yes, ,"On November 7, 2025 at 7:42 PM ET a Waymo Autonomous Vehicle (""Waymo AV"") operating in Atlanta, Georgia was in a collision involving an SUV on State Street NW at 14th Street NW. 
The Waymo AV was stopped facing north on State Street NW for a red light at the intersection with 14th Street NW with its right turn signal activated and an SUV was stopped directly behind the Waymo AV. The Waymo AV initiated the right turn and then came to a stop before entering 14th Street NW. The Waymo AV then began to proceed forward, and the SUV directly behind the Waymo AV continued forward and the front right of the SUV made contact with the rear left of the Waymo AV. At the time of the impact, the Waymo AV's Level 4 ADS was engaged in autonomous mode. Both vehicles sustained damage.

Waymo is reporting this crash under Request No. 2 of Standing General Order 2021-01. Waymo may supplement or correct its reporting with additional information as it may become available.", ,,,,,,,post_june16
30270-13090,1,Waymo LLC,Monthly,11.0,2025.0,DEC-2025,SADHW2S11R1,Y,[MAY CONTAIN PERSONALLY IDENTIFIABLE INFORMATION],JAGUAR, ,I-PACE, ,2024, ,be8abcb0993e6f1,,"5th Generation ADS, Version 10", ,ADS,Verified Engaged,Waymo LLC, , ,Y, , , , , , , , , ,NOV-2025, ,04:14, ,0341997aa580828,[MAY CONTAIN PERSONALLY IDENTIFIABLE INFORMATION], ,[MAY CONTAIN PERSONALLY IDENTIFIABLE INFORMATION], ,[MAY CONTAIN PERSONALLY IDENTIFIABLE INFORMATION], ,Atlanta, ,GA,[MAY CONTAIN PERSONALLY IDENTIFIABLE INFORMATION], ,Street, , ,Y, , , , , , , , , , ,Y, , , , , ,"Other, see Narrative",Property Damage. No Injured Reported,"Other, see Narrative", , , , , , , , , , ,Y,Proceeding Straight,"No Subject Vehicle, Unknown Crash Partner","No Subject Vehicle, Unknown Crash Partner",Subject Vehicle - No Passenger In Vehicle,1, , , , , , , , , ,Y, , , , ,Y, ,Y, , , ,, ,Yes, ,"On November 8, 2025 at 4:14 AM ET a Waymo Autonomous Vehicle (""Waymo AV"") operating in Atlanta, Georgia was in a collision involving a gate on Summit Pointe Way NE at Summit Pointe Drive. 
The Waymo AV was traveling westbound on Summit Pointe Way NE when it approached a gated entrance separating Summit Pointe Way NE from Summit Pointe Drive. The Waymo AV slowed to a stop to yield to the closed gate, and began proceeding slowly forward again. As it did so, the gate began swinging open into the roadway towards the Waymo AV and made contact with the front of the Waymo AV. At the time of the impact, the Waymo AV's Level 4 ADS was engaged in autonomous mode. The Waymo AV sustained damage.

Waymo is reporting this crash under Request No. 2 of Standing General Order 2021-01. Waymo may supplement or correct its reporting with additional information as it may become available.", ,,,,,,,post_june16
30270-13092,1,Waymo LLC,5-Day,,,NOV-2025,SADHW2S14R1,Y,[MAY CONTAIN PERSONALLY IDENTIFIABLE INFORMATION],JAGUAR, ,I-PACE, ,2024, ,f54ae3007c3f10e,,"5th Generation ADS, Version 10", ,ADS,Verified Engaged,Waymo LLC, , ,Y, , , , , , , , , ,NOV-2025, ,21:20, ,06d315f5d5b5e61,[MAY CONTAIN PERSONALLY IDENTIFIABLE INFORMATION], ,[MAY CONTAIN PERSONALLY IDENTIFIABLE INFORMATION], ,[MAY CONTAIN PERSONALLY IDENTIFIABLE INFORMATION], ,Phoenix, ,AZ,[MAY CONTAIN PERSONALLY IDENTIFIABLE INFORMATION], ,Street, , ,Y, , , , , ,Y, , , , , , , , , , ,Passenger Car,Property Damage. No Injured Reported,Stopped, , , , , , , , ,Y, , ,Stopped,"No Subject Vehicle, No Crash Partner","Yes Subject Vehicle, Yes Crash Partner",Subject Vehicle - All Belted,0, , , , , , , ,Y, , , , , , ,Y, ,Y, , , ,Phoenix Police Department, ,Yes, ,"On November 12, 2025 at 9:20 PM MT a Waymo Autonomous Vehicle (""Waymo AV"") operating in Phoenix, Arizona was in a collision involving a passenger car at 3400 Sky Harbor Boulevard, Terminal 3 at the Phoenix Sky Harbor International Airport.
The Waymo AV was traveling westbound in the right lane on 3400 Sky Harbor Boulevard, Terminal 3 when it slowed to a stop in a queue of traffic. A passenger car that was traveling westbound in the right lane of 3400 Sky Harbor Boulevard slowed to a near stop directly behind the Waymo AV. While the Waymo AV was stopped and the passenger car slowly proceeded a second passenger car approached the first passenger car from behind, and the front of the second passenger car made contact with the rear of the first passenger car, and the front of the first passenger car then made contact with the rear of the stationary Waymo AV. At the time of the impact, the Waymo AV's Level 4 ADS was engaged in autonomous mode. All three vehicles sustained damage.

Waymo is reporting this crash under Request No. 1 of Standing General Order 2021-01 because a vehicle involved was towed away. Waymo may supplement or correct its reporting with additional information as it may become available.", ,,,,,,,post_june16
30270-13093,1,Waymo LLC,5-Day,,,NOV-2025,SADHW2S14R1,Y,[MAY CONTAIN PERSONALLY IDENTIFIABLE INFORMATION],JAGUAR, ,I-PACE, ,2024, ,1e6275bd41b7bc0,In-Vehicle (Commercial / Test),"5th Generation ADS, Version 10", ,ADS,Verified Engaged,Waymo LLC, , ,Y, , , , , , , , , ,NOV-2025, ,17:33, ,2ee112e9c507b51,[MAY CONTAIN PERSONALLY IDENTIFIABLE INFORMATION], ,[MAY CONTAIN PERSONALLY IDENTIFIABLE INFORMATION], ,[MAY CONTAIN PERSONALLY IDENTIFIABLE INFORMATION], ,Dallas, ,TX,[MAY CONTAIN PERSONALLY IDENTIFIABLE INFORMATION], ,Street,Y, , , , , , , ,Y, , , , , , , , , , ,"Other, see Narrative",Property Damage. No Injured Reported,"Other, see Narrative", , , , , , , , , , ,Y,Proceeding Straight,"No Subject Vehicle, No Crash Partner","Yes Subject Vehicle, No Crash Partner",Subject Vehicle - All Belted,9, , , , , , , , , , ,Y, , , ,Y, ,Y, , , ,, ,Yes, ,"On November 12, 2025 at 5:33 PM CT a Waymo Autonomous Vehicle (""Waymo AV"") operating in Dallas, Texas was in a collision involving a pothole on Averill Way near Preston Road. 
The Waymo AV was traveling eastbound on Averill Lane in autonomous mode when the left wheels of the Waymo AV entered a pothole. As the AV passed over the pothole, the undercarriage of the Waymo AV made contact with the pavement. At the time of the impact, the Waymo AV's Level 4 ADS was engaged in autonomous mode, and a test driver was present in the driver's seating position. The Waymo AV sustained damage.

Waymo is reporting this crash under Request No. 1 of Standing General Order 2021-01 because a vehicle involved was towed away. Waymo may supplement or correct its reporting with additional information as it may become available.", ,,,,,,,post_june16
30270-13095,1,Waymo LLC,Monthly,11.0,2025.0,DEC-2025,SADHW2S15R1,Y,[MAY CONTAIN PERSONALLY IDENTIFIABLE INFORMATION],JAGUAR, ,I-PACE, ,2024, ,e280666895d0a40,,"5th Generation ADS, Version 10", ,ADS,Verified Engaged,Waymo LLC, , ,Y, , , , , , , , , ,NOV-2025, ,15:23, ,d112b9f733d7830,[MAY CONTAIN PERSONALLY IDENTIFIABLE INFORMATION], ,[MAY CONTAIN PERSONALLY IDENTIFIABLE INFORMATION], ,[MAY CONTAIN PERSONALLY IDENTIFIABLE INFORMATION], ,Austin, ,TX,[MAY CONTAIN PERSONALLY IDENTIFIABLE INFORMATION], ,Street, , ,Y, , , , , , , , ,Y, , , , , , , ,"Other, see Narrative",Property Damage. No Injured Reported,"Other, see Narrative", , , , , , , , , , ,Y,Proceeding Straight,"No Subject Vehicle, No Crash Partner","No Subject Vehicle, No Crash Partner",Subject Vehicle - All Belted,30, , , , , , , , , ,Y, , , , ,Y, ,Y, , , ,, ,Yes, ,"On November 10, 2025 at 3:23 PM CT a Waymo Autonomous Vehicle (""Waymo AV"") operating in Austin, Texas was in a collision involving a tree branch on West Gate Boulevard near Luton Cove. 
The Waymo AV was traveling southwestbound in the right lane on West Gate Boulevard, when a heavy truck traveling southwestbound in the right lane on West Gate Boulevard in front of the Waymo AV made contact with a tree branch situated directly above the roadway. The tree branch then detached from the tree and fell into the Waymo AV's lane of travel, and the front of the Waymo AV made contact with the fallen tree branch. At the time of the impact, the Waymo AV's Level 4 ADS was engaged in autonomous mode. The Waymo AV sustained damage.

Waymo is reporting this crash under Request No. 2 of Standing General Order 2021-01. Waymo may supplement or correct its reporting with additional information as it may become available.", ,,,,,,,post_june16