Report ID,Report Version,Reporting Entity,Report Type,Report Month,Report Year,Report Submission Date,VIN,VIN Decoded,Serial Number,Make,Make - Unknown,Model,Model - Unknown,Model Year,Model Year - Unknown,Same Vehicle ID,Driver / Operator Type,Automation Feature Version,Automation Feature Version CBI,Automation System Engaged?,Engagement Status,Operating Entity,Operating Entity - Unknown,Source - Complaint/Claim,Source - Telematics,Source - Law Enforcement,Source - Field Report,Source - Testing,Source - Media,Source - Internal Process Review,Source - NHTSA VOQ,Source - Other - See Narrative,Source - Other Entity,Source - State or Other Agency,Incident Date,Incident Date - Unknown,Incident Time (24:00),Incident Time - Unknown,Same Incident ID,Latitude,Latitude - Unknown,Longitude,Longitude - Unknown,Address,Address - Unknown,City,City - Unknown,State,Zip Code,Zip Code - Unknown,Roadway Type,Roadway-Degraded Surface,Roadway-Missing/Degraded Marking,Roadway-No Unusual Conditions,Roadway-Other-See Narrative,Roadway-Traffic Incident,Roadway-Unknown,Roadway-Wet Surface Condition,Roadway-Work Zone,Weather - Clear,Weather - Snow,Weather - Cloudy,Weather - Partly Cloudy,Weather - Fog/Smoke/Haze,Weather - Rain,Weather - Severe Wind,Weather - Dust Storm,Weather - Severe Hurricane,Weather - Structure-Indoor,Weather - Unk - See Narrative,Crash With,Highest Injury Severity Alleged,CP Pre-Crash Movement,CP Contact Area - Rear Left,CP Contact Area - Left,CP Contact Area - Front Left,CP Contact Area - Rear,CP Contact Area - Top,CP Contact Area - Front,CP Contact Area - Rear Right,CP Contact Area - Right,CP Contact Area - Front Right,CP Contact Area - Bottom,CP Contact Area - Unknown,SV Pre-Crash Movement,Any Air Bags Deployed?,Was Any Vehicle Towed?,Were All Passengers Belted?,SV Precrash Speed (MPH),SV Pre-crash Speed - Unknown,SV Contact Area - Rear Left,SV Contact Area - Left,SV Contact Area - Front Left,SV Contact Area - Rear,SV Contact Area - Top,SV Contact Area - Front,SV Contact Area - Rear Right,SV Contact Area - Right,SV Contact Area - Front Right,SV Contact Area - Bottom,SV Contact Area - Unknown,Data Availability - EDR,Data Availability - Police Rpt,Data Availability - Telematics,Data Availability - Complaints,Data Availability - Video,Data Availability - Other,Data Availability - No Data,Data Availability - Unknown,Investigating Agency,Investigating Agency - Unknown,Within ODD?,Within ODD? - CBI,Narrative,Narrative - CBI?,hub_delta_v_less_than_1mph,hub_zip_code,hub_location,hub_crash_type,hub_is_police_reported,hub_is_any_injury_reported,data_period
30270-13127,1,Waymo LLC,5-Day,,,NOV-2025,SADHW2S16R1,Y,[MAY CONTAIN PERSONALLY IDENTIFIABLE INFORMATION],JAGUAR, ,I-PACE, ,2024, ,d7ddc7d55ccde2a,,"5th Generation ADS, Version 10", ,ADS,Verified Engaged,Waymo LLC, , ,Y, , , , , , , , , ,NOV-2025, ,23:12, ,296a10c4ae23dcc,[MAY CONTAIN PERSONALLY IDENTIFIABLE INFORMATION], ,[MAY CONTAIN PERSONALLY IDENTIFIABLE INFORMATION], ,[MAY CONTAIN PERSONALLY IDENTIFIABLE INFORMATION], ,Phoenix, ,AZ,[MAY CONTAIN PERSONALLY IDENTIFIABLE INFORMATION], ,Parking Lot, , ,Y, , , , , ,Y, , , , , , , , , , ,Heavy Truck,Property Damage. No Injured Reported,Passing, , , ,Y, , , , , , , ,Stopped,"No Subject Vehicle, No Crash Partner","Yes Subject Vehicle, No Crash Partner",Subject Vehicle - No Passenger In Vehicle,0, , , , ,Y, , , , , , , , , ,Y, ,Y, , , ,, ,Yes, ,"On November 14, 2025 at 11:12 PM MT a Waymo Autonomous Vehicle (""Waymo AV"") operating in Phoenix, Arizona was in a collision involving a heavy truck in a parking lot at 5835 N. 16th Street. 
The Waymo AV was stopped in-lane facing east in a parking lot at 5835 N. 16th Street with hazard lights activated for a passenger drop-off. While the Waymo AV was stopped, a heavy truck traveling westbound in the parking lot proceeded to pass the Waymo AV on the left, and the rear left side of the heavy truck trailer made contact with the rear left side of the stationary Waymo AV. At the time of the impact, the Waymo AV's Level 4 ADS was engaged in autonomous mode. The Waymo AV sustained damage.

Waymo is reporting this crash under Request No. 1 of Standing General Order 2021-01 because a vehicle involved was towed away. Waymo may supplement or correct its reporting with additional information as it may become available.", ,,,,,,,post_june16
30270-13135,1,Waymo LLC,Monthly,11.0,2025.0,DEC-2025,SADHW2S12R1,Y,[MAY CONTAIN PERSONALLY IDENTIFIABLE INFORMATION],JAGUAR, ,I-PACE, ,2024, ,af2ee8a332b0424,,"5th Generation ADS, Version 10", ,ADS,Alleged Engaged,Waymo LLC, , ,Y, , , , , , , , , ,NOV-2025, ,19:36, ,396c5cc69de6d20,[MAY CONTAIN PERSONALLY IDENTIFIABLE INFORMATION], ,[MAY CONTAIN PERSONALLY IDENTIFIABLE INFORMATION], ,[MAY CONTAIN PERSONALLY IDENTIFIABLE INFORMATION], ,Phoenix, ,AZ,[MAY CONTAIN PERSONALLY IDENTIFIABLE INFORMATION], ,Parking Lot, , ,Y, , , , , ,Y, , , , , , , , , , ,Heavy Truck,Property Damage. No Injured Reported,Backing, , , , , , , ,Y, , , ,Stopped,"No Subject Vehicle, No Crash Partner","No Subject Vehicle, No Crash Partner",Subject Vehicle - No Passenger In Vehicle,0, ,Y, , , , , , , , , , , , ,Y, ,Y, , , ,, ,Yes, ,"On November 17, 2025 at 7:36 PM MT a Waymo Autonomous Vehicle (""Waymo AV"") operating in Phoenix, Arizona was in a collision involving a heavy truck in a parking lot at 291 E. Buckeye Road. 
The Waymo AV was traveling eastbound in the parking lot at 291 E. Buckeye Road with its right turn signal activated when it slowed to a stop to yield to a heavy truck that was facing south and reversing to turn into a loading dock parking stall at the east side of the parking lot. As the heavy truck was reversing, the Waymo AV momentarily proceeded forward and to the left before coming to a stop. While the Waymo AV was stopped, the heavy truck continued to reverse and the right side of the heavy truck trailer made contact with the rear right side of the Waymo AV. At the time of the impact, the Waymo AV's Level 4 ADS was engaged in autonomous mode. The Waymo AV sustained damage.

Waymo is reporting this crash under Request No. 1 of Standing General Order 2021-01 because a vehicle involved was towed away. Waymo may supplement or correct its reporting with additional information as it may become available.", ,,,,,,,post_june16
30270-13144,1,Waymo LLC,5-Day,,,NOV-2025,SADHW2S16R1,Y,[MAY CONTAIN PERSONALLY IDENTIFIABLE INFORMATION],JAGUAR, ,I-PACE, ,2024, ,17e585bbca9a446,,"5th Generation ADS, Version 10", ,ADS,Verified Engaged,Waymo LLC, , ,Y, , , , , , , , , ,NOV-2025, ,06:48, ,df94ef1fab818f4,[MAY CONTAIN PERSONALLY IDENTIFIABLE INFORMATION], ,[MAY CONTAIN PERSONALLY IDENTIFIABLE INFORMATION], ,[MAY CONTAIN PERSONALLY IDENTIFIABLE INFORMATION], ,Phoenix, ,AZ,[MAY CONTAIN PERSONALLY IDENTIFIABLE INFORMATION], ,Street, , ,Y, , , , , ,Y, , , , , , , , , , ,Pickup Truck,Property Damage. No Injured Reported,Proceeding Straight, , ,Y, , , , , , , , ,Parked,"No Subject Vehicle, No Crash Partner","Yes Subject Vehicle, No Crash Partner",Subject Vehicle - No Passenger In Vehicle,0, , , , ,Y, , , , , , , , , ,Y, ,Y, , , ,Phoenix Police Department, ,Yes, ,"On November 17, 2025 at 6:48 AM MT a Waymo Autonomous Vehicle (""Waymo AV"") operating in Phoenix, Arizona was in a collision involving a pickup truck on N. 43rd Street near E. Beck Lane. 
The Waymo AV was parked at the curb facing south on N. 43rd Street when a pickup truck traveling southbound on N. 43rd Street approached the Waymo AV from behind and the front right side of the pickup truck made contact with the rear left side of the Waymo AV. At the time of the impact, the Waymo AV's Level 4 ADS was engaged in autonomous mode. Both vehicles sustained damage. 

Waymo is reporting this crash under Request No. 1 of Standing General Order 2021-01 because a vehicle involved was towed away. Waymo may supplement or correct its reporting with additional information as it may become available.", ,,,,,,,post_june16
30270-13148,1,Waymo LLC,5-Day,,,NOV-2025,SADHW2S16R1,Y,[MAY CONTAIN PERSONALLY IDENTIFIABLE INFORMATION],JAGUAR, ,I-PACE, ,2024, ,acb50447ab56fda,,"5th Generation ADS, Version 10", ,ADS,Verified Engaged,Waymo LLC, , ,Y, , , , , , , , , ,NOV-2025, ,03:15, ,f1cfe336ab9946d,[MAY CONTAIN PERSONALLY IDENTIFIABLE INFORMATION], ,[MAY CONTAIN PERSONALLY IDENTIFIABLE INFORMATION], ,[MAY CONTAIN PERSONALLY IDENTIFIABLE INFORMATION], ,Atlanta, ,GA,[MAY CONTAIN PERSONALLY IDENTIFIABLE INFORMATION], ,Intersection, , ,Y, , , , , ,Y, , , , , , , , , , ,Passenger Car,Property Damage. No Injured Reported,Proceeding Straight, , , , , , , , ,Y, , ,Stopped,"No Subject Vehicle, No Crash Partner","Yes Subject Vehicle, No Crash Partner",Subject Vehicle - No Passenger In Vehicle,0, , , , , , , ,Y, , , , , , ,Y, ,Y, , , ,, ,Yes, ,"On November 16, 2025 at 3:15 AM ET a Waymo Autonomous Vehicle (""Waymo AV"") operating in Atlanta, Georgia was in a collision involving a passenger car on Peachtree Street NE at 7th Street NE. 
The Waymo AV came to a stop in the left lane facing south on Peachtree Street NE at a red light. Two pedestrians approached the Waymo AV and tried unsuccessfully to board the Waymo AV while it was stopped. While the Waymo AV remained stopped, the traffic light turned green and a passenger car traveling southbound on Peachtree Street NE in the left lane approached the Waymo AV from behind and the front of the passenger car made contact with the rear of the Waymo AV. At the time of the impact, the Waymo AV's Level 4 ADS was engaged in autonomous mode. Both vehicles sustained damage.

Waymo is reporting this crash under Request No. 1 of Standing General Order 2021-01 a vehicle involved was towed away. Waymo may supplement or correct its reporting with additional information as it may become available.", ,,,,,,,post_june16
30270-13160,1,Waymo LLC,5-Day,,,NOV-2025,SADHW2S11R1,Y,[MAY CONTAIN PERSONALLY IDENTIFIABLE INFORMATION],JAGUAR, ,I-PACE, ,2024, ,390044f737879e8,,"5th Generation ADS, Version 10", ,ADS,Verified Engaged,Waymo LLC, , ,Y, , , , , , , , , ,NOV-2025, ,16:48, ,e58f9c1ddfb6571,[MAY CONTAIN PERSONALLY IDENTIFIABLE INFORMATION], ,[MAY CONTAIN PERSONALLY IDENTIFIABLE INFORMATION], ,[MAY CONTAIN PERSONALLY IDENTIFIABLE INFORMATION], ,Austin, ,TX,[MAY CONTAIN PERSONALLY IDENTIFIABLE INFORMATION], ,Parking Lot, , ,Y, , , , , ,Y, , , , , , , , , , ,"Other, see Narrative",Property Damage. No Injured Reported,"Other, see Narrative", , , , , , , , , , ,Y,Proceeding Straight,"No Subject Vehicle, No Crash Partner","Yes Subject Vehicle, No Crash Partner",Subject Vehicle - All Belted,8, , , , , , , , , , ,Y, , , ,Y, ,Y, , , ,, ,Yes, ,"On November 16, 2025 at 4:48 PM CT a Waymo Autonomous Vehicle (""Waymo AV"") operating in Austin, Texas was in a collision with the pavement at the parking lot entrance at 2153 S. Lamar Boulevard.
The Waymo AV was stopped facing west  in the center lane on S. Lamar Boulevard with its left turn signal activated, waiting to turn left into a parking lot at 2153 S. Lamar Boulevard. After eastbound traffic cleared, the Waymo AV proceeded to turn left into the parking lot at 2153 S. Lamar Boulevard, and the Waymo AV's undercarriage made contact with the pavement at the entrance of the parking lot. At the time of the impact, the Waymo AV's Level 4 ADS was engaged in autonomous mode. The Waymo AV sustained damage.

Waymo is reporting this crash under Request No. 1  of Standing General Order 2021-01 because a vehicle involved was towed away. Waymo may supplement or correct its reporting with additional information as it may become available.", ,,,,,,,post_june16
30270-13161,1,Waymo LLC,5-Day,,,NOV-2025,SADHW2S13R1,Y,[MAY CONTAIN PERSONALLY IDENTIFIABLE INFORMATION],JAGUAR, ,I-PACE, ,2024, ,7e56cbe51085e9c,,"5th Generation ADS, Version 10", ,ADS,Verified Engaged,Waymo LLC, , ,Y, , , , , , , , , ,NOV-2025, ,00:02, ,9b6219cb373795e,[MAY CONTAIN PERSONALLY IDENTIFIABLE INFORMATION], ,[MAY CONTAIN PERSONALLY IDENTIFIABLE INFORMATION], ,[MAY CONTAIN PERSONALLY IDENTIFIABLE INFORMATION], ,Scottsdale, ,AZ,[MAY CONTAIN PERSONALLY IDENTIFIABLE INFORMATION], ,Street, , ,Y, , , , , ,Y, , , , , , , , , , ,Non-Motorist: Pedestrian,Moderate W/ Hospitalization,"Other, see Narrative",,,,,,,,,,,,Proceeding Straight,"No Subject Vehicle, No Crash Partner","No Subject Vehicle, No Crash Partner",Subject Vehicle - Not Belted - see Narrative,4, ,Y, , , , , , , , , , , , ,Y, ,Y, , , ,Scottsdale Police Department, ,Yes, ,"On November 19, 2025 at 12:02 AM MT a Waymo Autonomous Vehicle (""Waymo AV"") operating in Scottsdale, Arizona was in a collision involving a passenger of the Waymo AV on N. 92nd Street near E. Cochise Drive.
The Waymo AV was travelling northbound in the left lane of N. 92nd Street. While the AV was in  motion, the two passengers seated in the rear of the Waymo AV removed their seatbelts and opened the right rear passenger side door. The Waymo AV detected the opened door and began to slow in lane. While the Waymo AV was slowing to a stop, the passenger seated in the right rear passenger seat exited the vehicle through the open door, placed their feet on the ground, and the rear right tire of the Waymo AV came to a stop on top of the passenger's right foot. The Waymo AV remained stopped on top of the passenger's foot until emergency services arrived and lifted the right side of the vehicle. At the time of the impact, the Waymo AV's Level 4 ADS was engaged in autonomous mode. The passenger of the Waymo AV was transported from the scene to a hospital for medical treatment with moderate injuries to the foot.

Waymo is reporting this crash under Request No. 1 of Standing General Order 2021-01 because an individual involved was transported from the scene to a hospital for medical treatment and a vulnerable road user was struck by an involved vehicle. Waymo may supplement or correct its reporting with additional information as it may become available.", ,,,,,,,post_june16
30270-13163,1,Waymo LLC,Monthly,11.0,2025.0,DEC-2025,SADHW2S1XR1,Y,[MAY CONTAIN PERSONALLY IDENTIFIABLE INFORMATION],JAGUAR, ,I-PACE, ,2024, ,7915114defe2e2e,,"5th Generation ADS, Version 10", ,ADS,Verified Engaged,Waymo LLC, , ,Y, , , , , , , , , ,NOV-2025, ,17:40, ,3c3b5bdd25e239a,[MAY CONTAIN PERSONALLY IDENTIFIABLE INFORMATION], ,[MAY CONTAIN PERSONALLY IDENTIFIABLE INFORMATION], ,[MAY CONTAIN PERSONALLY IDENTIFIABLE INFORMATION], ,Tempe, ,AZ,[MAY CONTAIN PERSONALLY IDENTIFIABLE INFORMATION], ,Street, , ,Y, , , , , , , ,Y, , , , , , , , ,Passenger Car,Property Damage. No Injured Reported,Proceeding Straight, , , , , , , , ,Y, , ,Stopped,"No Subject Vehicle, No Crash Partner","No Subject Vehicle, No Crash Partner",Subject Vehicle - All Belted,0, , , , , , , ,Y, , , , , , ,Y, ,Y, , , ,, ,Yes, ,"On November 18, 2025 at 5:40 PM MT a Waymo Autonomous Vehicle (""Waymo AV"") operating in Tempe, Arizona was in a collision involving a passenger car on Rural Road near S. Terrace Road. 
The Waymo AV was stopped facing south in the designated left turn lane on Rural Road for a queue of traffic for a red light at the intersection with S. Terrace Road. While the Waymo AV was stopped, a passenger car that was initially stopped directly behind the Waymo AV approached the Waymo AV from behind and the front of the passenger car made contact with the rear of the Waymo AV. At the time of the impact, the Waymo AV's Level 4 ADS was engaged in autonomous mode. Both vehicles sustained damage.

Waymo is reporting this crash under Request No. 2 of Standing General Order 2021-01. Waymo may supplement or correct its reporting with additional information as it may become available.", ,,,,,,,post_june16
30270-13164,1,Waymo LLC,Monthly,11.0,2025.0,DEC-2025,SADHW2S15R1,Y,[MAY CONTAIN PERSONALLY IDENTIFIABLE INFORMATION],JAGUAR, ,I-PACE, ,2024, ,5f8e37936d1fa86,,"5th Generation ADS, Version 10", ,ADS,Verified Engaged,Waymo LLC, , ,Y, , , , , , , , , ,NOV-2025, ,00:27, ,fd462c604311b17,[MAY CONTAIN PERSONALLY IDENTIFIABLE INFORMATION], ,[MAY CONTAIN PERSONALLY IDENTIFIABLE INFORMATION], ,[MAY CONTAIN PERSONALLY IDENTIFIABLE INFORMATION], ,Austin, ,TX,[MAY CONTAIN PERSONALLY IDENTIFIABLE INFORMATION], ,Parking Lot, , ,Y, , , , , ,Y, , , , , , , , , , ,Passenger Car,Property Damage. No Injured Reported,Backing,Y, , , , , , , , , , ,Parked,"No Subject Vehicle, No Crash Partner","No Subject Vehicle, No Crash Partner",Subject Vehicle - No Passenger In Vehicle,0, , , , , , ,Y, , , , , , , ,Y, ,Y, , , ,, ,Yes, ,"On November 15, 2025 at 12:27 AM CT a Waymo Autonomous Vehicle (""Waymo AV"") operating in Austin, Texas was in a collision involving a passenger car in a parking lot at 120 N. Loop Boulevard East.
The Waymo AV was traveling eastbound in the parking lot at 120 N. Loop Boulevard East when it came to a stop for a passenger pick-up with hazard lights activated. While the Waymo AV was stopped, a passenger car that was reversing out of a parking stall in front of and to the right of the Waymo AV continued to reverse and the rear right side of the passenger car made contact with the front left side of the Waymo AV. At the time of the impact, the Waymo AV's Level 4 ADS was engaged in autonomous mode. Both vehicles sustained damage.

Waymo is reporting this crash under Request No. 2 of Standing General Order 2021-01. Waymo may supplement or correct its reporting with additional information as it may become available.", ,,,,,,,post_june16
30270-13165,1,Waymo LLC,Monthly,11.0,2025.0,DEC-2025,SADHW2S15M1,Y,[MAY CONTAIN PERSONALLY IDENTIFIABLE INFORMATION],JAGUAR, ,I-PACE, ,2021, ,5029f28c707f0ca,,"5th Generation ADS, Version 10", ,ADS,Verified Engaged,Waymo LLC, , ,Y, , , , , , , , , ,NOV-2025, ,15:27, ,0beda96ff956725,[MAY CONTAIN PERSONALLY IDENTIFIABLE INFORMATION], ,[MAY CONTAIN PERSONALLY IDENTIFIABLE INFORMATION], ,[MAY CONTAIN PERSONALLY IDENTIFIABLE INFORMATION], ,Phoenix, ,AZ,[MAY CONTAIN PERSONALLY IDENTIFIABLE INFORMATION], ,Street, , , , , , ,Y,Y, , ,Y, , , , , , , , ,Passenger Car,Property Damage. No Injured Reported,Proceeding Straight, , , , , , , , ,Y, , ,Stopped,"No Subject Vehicle, No Crash Partner","No Subject Vehicle, No Crash Partner",Subject Vehicle - All Belted,0, , , , , , , ,Y, , , , , , ,Y, ,Y, , , ,, ,Yes, ,"On November 18, 2025 at 3:27 PM MT a Waymo Autonomous Vehicle (""Waymo AV"") operating in Phoenix, Arizona was in a collision involving a passenger car on N. 16th Street near E. Windsor Avenue. 
The Waymo AV was traveling northbound on N. 16th Street in the left lane on N. 16th Street when it slowed to a stop to yield to a pedestrian that had begun crossing the roadway from the east side of N. 16th Street. While the pedestrian continued to cross the Waymo AV's lane of travel and the Waymo AV remained stopped, a passenger car that was traveling northbound in the left lane on N. 16th Street approached the Waymo AV from behind, and the front of the passenger car made contact with the rear of the stationary Waymo AV. At the time of the impact, the Waymo AV's Level 4 ADS was engaged in autonomous mode. Both vehicles sustained damage.
Waymo is reporting this crash under Request No. 2 of Standing General Order 2021-01. Waymo may supplement or correct its reporting with additional information as it may become available.", ,,,,,,,post_june16
30270-13190,1,Waymo LLC,5-Day,,,NOV-2025,SADHW2S11R1,Y,[MAY CONTAIN PERSONALLY IDENTIFIABLE INFORMATION],JAGUAR, ,I-PACE, ,2024, ,da5e9f4ad5d7a66,,"5th Generation ADS, Version 10", ,ADS,Verified Engaged,Waymo LLC, , ,Y, , , , , , , , , ,NOV-2025, ,12:18, ,090f9ef63da3e2b,[MAY CONTAIN PERSONALLY IDENTIFIABLE INFORMATION], ,[MAY CONTAIN PERSONALLY IDENTIFIABLE INFORMATION], ,[MAY CONTAIN PERSONALLY IDENTIFIABLE INFORMATION], ,Tempe, ,AZ,[MAY CONTAIN PERSONALLY IDENTIFIABLE INFORMATION], ,Street, , ,Y, , , , , , , ,Y, , , , , , , , ,Passenger Car,Minor W/O Hospitalization,Proceeding Straight, , , , , , , , ,Y, , ,Stopped,"No Subject Vehicle, No Crash Partner","Yes Subject Vehicle, No Crash Partner",Subject Vehicle - Not Belted - see Narrative,0, , , , , , , ,Y, , , , , , ,Y, ,Y, , , ,, ,Yes, ,"On November 21, 2025 at 12:18 PM MT a Waymo Autonomous Vehicle (""Waymo AV"") operating in Tempe, Arizona was in a collision involving a passenger car on E. Baseline Road at S. McClintock Drive.
The Waymo AV was stopped facing west in the third from the right lane on E. Baseline Road for a queue of traffic at a red light at the intersection with S. McClintock Drive. While the Waymo AV was stopped, a passenger car that was initially stopped directly behind the Waymo AV proceeded forward, and the front of the passenger car made contact with the rear of the Waymo AV. At the time of the impact, the Waymo AV's Level 4 ADS was engaged in autonomous mode. Both vehicles sustained damage. A passenger in the Waymo AV was not belted at the time of collision.

Waymo is reporting this crash under Request No. 1 of Standing General Order 2021-01 because a vehicle involved was towed away. Waymo may supplement or correct its reporting with additional information as it may become available.", ,,,,,,,post_june16
30270-13192,1,Waymo LLC,5-Day,,,NOV-2025,SADHW2S15R1,Y,[MAY CONTAIN PERSONALLY IDENTIFIABLE INFORMATION],JAGUAR, ,I-PACE, ,2024, ,6396e4f8e325a37,,"5th Generation ADS, Version 10", ,ADS,Verified Engaged,Waymo LLC, , ,Y, , , , , , , , , ,NOV-2025, ,17:31, ,57077729fff8e86,[MAY CONTAIN PERSONALLY IDENTIFIABLE INFORMATION], ,[MAY CONTAIN PERSONALLY IDENTIFIABLE INFORMATION], ,[MAY CONTAIN PERSONALLY IDENTIFIABLE INFORMATION], ,Tempe, ,AZ,[MAY CONTAIN PERSONALLY IDENTIFIABLE INFORMATION], ,Street, , ,Y, , , , , , , ,Y, , , , , , , , ,Passenger Car,Minor W/ Hospitalization,Changing Lanes, , ,Y, , , , , , , , ,Stopped,"No Subject Vehicle, No Crash Partner","Yes Subject Vehicle, Yes Crash Partner",Subject Vehicle - No Passenger In Vehicle,0, , , , ,Y, , , , , , , , , ,Y, ,Y, , , ,Tempe Police Department, ,Yes, ,"On November 22, 2025 at 5:31 PM MT a Waymo Autonomous Vehicle (""Waymo AV"") operating in Tempe, Arizona was in a collision involving a passenger car on S. Perry Lane at E. University Drive. 
The Waymo AV was stopped facing south on S. Perry Lane for a stop sign at the intersection with E. University Drive with its right turn signal activated in preparation for a right turn. While the Waymo AV was stopped, a passenger car traveling southbound on S. Perry Lane approached the Waymo AV from behind at a high rate of speed and began to maneuver to the left, and the front right side of the passenger car made contact with the rear left side of the stationary Waymo AV. The front of the passenger car then made contact with the rear of a second passenger car that was stopped at the stop sign in front of and to the left of the Waymo AV. At the time of the impact, the Waymo AV's Level 4 ADS was engaged in autonomous mode. All three vehicles sustained damage. The driver of the second passenger car was transported to a hospital by an ambulance with unknown injuries.

Waymo is reporting this crash under Request No. 1 of Standing General Order 2021-01 because an individual involved was transported from the scene to a hospital for medical treatment. Waymo may supplement or correct its reporting with additional information as it may become available.", ,,,,,,,post_june16
30270-13194,1,Waymo LLC,5-Day,,,NOV-2025,SADHW2S13R1,Y,[MAY CONTAIN PERSONALLY IDENTIFIABLE INFORMATION],JAGUAR, ,I-PACE, ,2024, ,9c1e8659033f681,,"5th Generation ADS, Version 10", ,ADS,Verified Engaged,Waymo LLC, , ,Y, , , , , , , , , ,NOV-2025, ,01:26, ,3341b2a34ec9273,[MAY CONTAIN PERSONALLY IDENTIFIABLE INFORMATION], ,[MAY CONTAIN PERSONALLY IDENTIFIABLE INFORMATION], ,[MAY CONTAIN PERSONALLY IDENTIFIABLE INFORMATION], ,Scottsdale, ,AZ,[MAY CONTAIN PERSONALLY IDENTIFIABLE INFORMATION], ,Street, , ,Y, , , , , ,Y, , , , , , , , , , ,Passenger Car,Property Damage. No Injured Reported,Proceeding Straight, , , , , , , ,Y, , , ,Parked,"No Subject Vehicle, No Crash Partner","Yes Subject Vehicle, No Crash Partner",Subject Vehicle - No Passenger In Vehicle,0, , ,Y, , , , , , , , , , , ,Y, ,Y, , , ,, ,Yes, ,"On November 24, 2025 at 1:26 AM MT a Waymo Autonomous Vehicle (""Waymo AV"") operating in Scottsdale, Arizona was in a collision involving a passenger car on E. Orange Blossom Lane near N. 83rd Street.
The Waymo AV was parked facing east at the south curb on E. Orange Blossom Lane. While the Waymo AV was parked, a passenger car traveling eastbound on E. Orange Blossom Lane proceeded past the left of the Waymo AV and  the right side of the passenger car made contact with the left side of the Waymo AV. At the time of the impact, the Waymo AV's Level 4 ADS was engaged in autonomous mode. The Waymo AV sustained damage.

Waymo is reporting this crash under Request No. 1 of Standing General Order 2021-01 because a vehicle involved was towed away. Waymo may supplement or correct its reporting with additional information as it may become available.", ,,,,,,,post_june16
30270-13202,1,Waymo LLC,5-Day,,,NOV-2025,SADHW2S18R1,Y,[MAY CONTAIN PERSONALLY IDENTIFIABLE INFORMATION],JAGUAR, ,I-PACE, ,2024, ,71d6941f688d0f0,,"5th Generation ADS, Version 10", ,ADS,Verified Engaged,Waymo LLC, , ,Y, , , , , , , , , ,NOV-2025, ,21:31, ,1459efa140d66de,[MAY CONTAIN PERSONALLY IDENTIFIABLE INFORMATION], ,[MAY CONTAIN PERSONALLY IDENTIFIABLE INFORMATION], ,[MAY CONTAIN PERSONALLY IDENTIFIABLE INFORMATION], ,Phoenix, ,AZ,[MAY CONTAIN PERSONALLY IDENTIFIABLE INFORMATION], ,Parking Lot, , ,Y, , , , , ,Y, , , , , , , , , , ,SUV,Property Damage. No Injured Reported,Backing, , , ,Y, , , , , , , ,Passing,"No Subject Vehicle, No Crash Partner","Yes Subject Vehicle, No Crash Partner",Subject Vehicle - No Passenger In Vehicle,7, ,Y, , , , , , , , , , , , ,Y, ,Y, , , ,, ,Yes, ,"On November 23, 2025 at 9:31 PM MT a Waymo Autonomous Vehicle (""Waymo AV"") operating in Phoenix, Arizona was in a collision involving an SUV in a parking lot at 21001 N. Tatum Boulevard.
The Waymo AV was stopped facing east at the curb in a parking lot at 21001 N. Tatum Boulevard with its hazard lights activated for a passenger drop-off. While the Waymo AV was stopped, an SUV traveling westbound in the parking lot initiated a left turn into a passenger loading zone driveway and slowed to a stop facing south, within the Waymo AV's lane of travel. The Waymo AV proceeded forward and maneuvered to the left to pass the rear of the SUV. While the Waymo AV was passing the SUV, the SUV began to reverse and the rear driver side of the SUV made contact with the rear passenger side of the Waymo AV. At the time of the impact, the Waymo AV's Level 4 ADS was engaged in autonomous mode. The Waymo AV sustained damage.

Waymo is reporting this crash under Request No. 1 of Standing General Order 2021-01 because a vehicle involved was towed away. Waymo may supplement or correct its reporting with additional information as it may become available.", ,,,,,,,post_june16