Report ID,Report Version,Reporting Entity,Report Type,Report Month,Report Year,Report Submission Date,VIN,VIN Decoded,Serial Number,Make,Make - Unknown,Model,Model - Unknown,Model Year,Model Year - Unknown,Same Vehicle ID,Driver / Operator Type,Automation Feature Version,Automation Feature Version CBI,Automation System Engaged?,Engagement Status,Operating Entity,Operating Entity - Unknown,Source - Complaint/Claim,Source - Telematics,Source - Law Enforcement,Source - Field Report,Source - Testing,Source - Media,Source - Internal Process Review,Source - NHTSA VOQ,Source - Other - See Narrative,Source - Other Entity,Source - State or Other Agency,Incident Date,Incident Date - Unknown,Incident Time (24:00),Incident Time - Unknown,Same Incident ID,Latitude,Latitude - Unknown,Longitude,Longitude - Unknown,Address,Address - Unknown,City,City - Unknown,State,Zip Code,Zip Code - Unknown,Roadway Type,Roadway-Degraded Surface,Roadway-Missing/Degraded Marking,Roadway-No Unusual Conditions,Roadway-Other-See Narrative,Roadway-Traffic Incident,Roadway-Unknown,Roadway-Wet Surface Condition,Roadway-Work Zone,Weather - Clear,Weather - Snow,Weather - Cloudy,Weather - Partly Cloudy,Weather - Fog/Smoke/Haze,Weather - Rain,Weather - Severe Wind,Weather - Dust Storm,Weather - Severe Hurricane,Weather - Structure-Indoor,Weather - Unk - See Narrative,Crash With,Highest Injury Severity Alleged,CP Pre-Crash Movement,CP Contact Area - Rear Left,CP Contact Area - Left,CP Contact Area - Front Left,CP Contact Area - Rear,CP Contact Area - Top,CP Contact Area - Front,CP Contact Area - Rear Right,CP Contact Area - Right,CP Contact Area - Front Right,CP Contact Area - Bottom,CP Contact Area - Unknown,SV Pre-Crash Movement,Any Air Bags Deployed?,Was Any Vehicle Towed?,Were All Passengers Belted?,SV Precrash Speed (MPH),SV Pre-crash Speed - Unknown,SV Contact Area - Rear Left,SV Contact Area - Left,SV Contact Area - Front Left,SV Contact Area - Rear,SV Contact Area - Top,SV Contact Area - Front,SV Contact Area - Rear Right,SV Contact Area - Right,SV Contact Area - Front Right,SV Contact Area - Bottom,SV Contact Area - Unknown,Data Availability - EDR,Data Availability - Police Rpt,Data Availability - Telematics,Data Availability - Complaints,Data Availability - Video,Data Availability - Other,Data Availability - No Data,Data Availability - Unknown,Investigating Agency,Investigating Agency - Unknown,Within ODD?,Within ODD? - CBI,Narrative,Narrative - CBI?,hub_delta_v_less_than_1mph,hub_zip_code,hub_location,hub_crash_type,hub_is_police_reported,hub_is_any_injury_reported,data_period
30270-13241,1,Waymo LLC,5-Day,,,DEC-2025,SADHW2S12R1,Y,[MAY CONTAIN PERSONALLY IDENTIFIABLE INFORMATION],JAGUAR, ,I-PACE, ,2024, ,01fb1e74bb7fe38,,"5th Generation ADS, Version 10", ,ADS,Verified Engaged,Waymo LLC, , ,Y, , , , , , , , , ,NOV-2025, ,16:40, ,7f31ad68b7a066e,[MAY CONTAIN PERSONALLY IDENTIFIABLE INFORMATION], ,[MAY CONTAIN PERSONALLY IDENTIFIABLE INFORMATION], ,[MAY CONTAIN PERSONALLY IDENTIFIABLE INFORMATION], ,Tempe, ,AZ,[MAY CONTAIN PERSONALLY IDENTIFIABLE INFORMATION], ,Street, , ,Y, , , , , , , ,Y, , , , , , , , ,Bus,Property Damage. No Injured Reported,Making Left Turn, , , , , , , ,Y, , , ,Stopped,"No Subject Vehicle, No Crash Partner","Yes Subject Vehicle, No Crash Partner",Subject Vehicle - No Passenger In Vehicle,0, , ,Y, , , , , , , , , , , ,Y, ,Y, , , ,Tempe Police Department, ,Yes, ,"On November 26, 2025 at 4:40 PM MT a Waymo Autonomous Vehicle (""Waymo AV"") operating in Tempe, Arizona was in a collision involving a bus on Priest Drive at W. University Drive. 
The Waymo AV was stopped facing south on Priest Drive in the leftmost through lane of travel at a red traffic light at the intersection with W. University Drive. While the Waymo AV was stopped, a bus traveling southbound on Priest Drive stopped in the left adjacent left turn lane. As the bus proceeded at the green light for left turns, the right side of the bus made contact with the left side of the Waymo AV, which had remained stationary at the red light for through traffic. At the time of the impact, the Waymo AV's Level 4 ADS was engaged in autonomous mode. The Waymo AV sustained damage.

Waymo is reporting this crash under Request No. 1 of Standing General Order 2021-01 because a vehicle involved was towed away. Waymo may supplement or correct its reporting with additional information as it may become available.", ,,,,,,,post_june16
30270-13246,1,Waymo LLC,5-Day,,,DEC-2025,SADHW2S12R1,Y,[MAY CONTAIN PERSONALLY IDENTIFIABLE INFORMATION],JAGUAR, ,I-PACE, ,2024, ,9e37c50a3c841f9,,"5th Generation ADS, Version 10", ,ADS,Verified Engaged,Waymo LLC, , ,Y, , , , , , , , , ,NOV-2025, ,09:49, ,84283eb6b42b54b,[MAY CONTAIN PERSONALLY IDENTIFIABLE INFORMATION], ,[MAY CONTAIN PERSONALLY IDENTIFIABLE INFORMATION], ,[MAY CONTAIN PERSONALLY IDENTIFIABLE INFORMATION], ,Scottsdale, ,AZ,[MAY CONTAIN PERSONALLY IDENTIFIABLE INFORMATION], ,Parking Lot, , ,Y, , , , , ,Y, , , , , , , , , , ,Other Fixed Object,Property Damage. No Injured Reported,,,,,,,,,,,,,Backing,"No Subject Vehicle, Unknown Crash Partner","Yes Subject Vehicle, Unknown Crash Partner",Subject Vehicle - All Belted,1, , , ,Y, , , , , , , , , , ,Y, ,Y, , , ,, ,Yes, ,"On November 29, 2025 at 9:49 AM PT a Waymo Autonomous Vehicle (""Waymo AV"") operating in Scottsdale, Arizona was in a collision involving a bollard in a parking lot at 5900 E. Thomas Road.
The Waymo AV was traveling northbound in a parking lot at 5900 E. Thomas Road and began to make a right turn when it slowed to a stop to yield to a passenger car parked facing west. The Waymo AV initially reversed, then proceeded forward, then reversed again at an angle until the Waymo AV was facing east, before again coming to a stop. The Waymo AV then continued to reverse and the front right side of the Waymo AV made contact with a parking bollard. At the time of the impact, the Waymo AV's Level 4 ADS was engaged in autonomous mode. The Waymo AV sustained damage.

Waymo is reporting this crash under Request No. 1 of Standing General Order 2021-01 because a vehicle involved was towed away. Waymo may supplement or correct its reporting with additional information as it may become available.", ,,,,,,,post_june16
30270-13247,1,Waymo LLC,Monthly,11.0,2025.0,DEC-2025,SADHW2S14R1,Y,[MAY CONTAIN PERSONALLY IDENTIFIABLE INFORMATION],JAGUAR, ,I-PACE, ,2024, ,f6dbabf606343b0,,"5th Generation ADS, Version 10", ,ADS,Verified Engaged,Waymo LLC, , ,Y, , , , , , , , , ,NOV-2025, ,17:45, ,6cc4f6696fe5774,[MAY CONTAIN PERSONALLY IDENTIFIABLE INFORMATION], ,[MAY CONTAIN PERSONALLY IDENTIFIABLE INFORMATION], ,[MAY CONTAIN PERSONALLY IDENTIFIABLE INFORMATION], ,Atlanta, ,GA,[MAY CONTAIN PERSONALLY IDENTIFIABLE INFORMATION], ,Street, , ,Y, , , , , , , , ,Y, , , , , , , ,Passenger Car,Property Damage. No Injured Reported,Backing, , , , , , ,Y, , , , ,Stopped,"No Subject Vehicle, No Crash Partner","No Subject Vehicle, No Crash Partner",Subject Vehicle - No Passenger In Vehicle,0, , , , , , , , , ,Y, , , , ,Y, ,Y, , , ,, ,Yes, ,"On November 20, 2025 at 5:45 PM ET a Waymo Autonomous Vehicle (""Waymo AV"") operating in Atlanta, Georgia was in a collision involving a passenger car on Northside Drive NW near Trabert Avenue NW. 
The Waymo AV was stopped facing south in the rightmost lane on Northside Drive NW in a queue of traffic. While the Waymo AV was stopped, a passenger car that was initially stopped directly in front of the Waymo AV reversed and the rear of the passenger car made contact with the front of the stationary Waymo AV. At the time of the impact, the Waymo AV's Level 4 ADS was engaged in autonomous mode. The Waymo AV sustained damage.

Waymo is reporting this crash under Request No. 2 of Standing General Order 2021-01. Waymo may supplement or correct its reporting with additional information as it may become available.", ,,,,,,,post_june16
30270-13252,1,Waymo LLC,5-Day,,,DEC-2025,SADHW2S1XR1,Y,[MAY CONTAIN PERSONALLY IDENTIFIABLE INFORMATION],JAGUAR, ,I-PACE, ,2024, ,4052955e6b85b89,In-Vehicle (Commercial / Test),"5th Generation ADS, Version 10", ,ADS,Verified Not Engaged,Waymo LLC, , ,Y, , , , , , , , , ,NOV-2025, ,18:55, ,8f3a886d8e8dd95,[MAY CONTAIN PERSONALLY IDENTIFIABLE INFORMATION], ,[MAY CONTAIN PERSONALLY IDENTIFIABLE INFORMATION], ,[MAY CONTAIN PERSONALLY IDENTIFIABLE INFORMATION], ,Washington, ,DC,[MAY CONTAIN PERSONALLY IDENTIFIABLE INFORMATION], ,Intersection, , ,Y, , , , , ,Y, , , , , , , , , , ,Other Fixed Object,Property Damage. No Injured Reported,,,,,,,,,,,,,Making Right Turn,"No Subject Vehicle, No Crash Partner","Yes Subject Vehicle, No Crash Partner",Subject Vehicle - All Belted,13, , , , , , ,Y, , , , , , , ,Y, ,Y, , , ,, ,Yes, ,"On November 26, 2025 at 6:55 PM ET a Waymo Autonomous Vehicle (""Waymo AV"") operating in Washington, D.C. was in a collision involving a curb on Sheridan Street NW at Piney Branch Road NW. 
The Waymo AV was traveling eastbound on Sheridan Street NW in autonomous mode when it began to turn right at the intersection with Piney Branch Road NW. As the Waymo AV proceeded to turn right, it approached the right hand curb. The test driver transitioned the Waymo AV to manual mode and the front right tire of the Waymo AV made contact with the curb. At the time of the impact, the Waymo AV's Level 4 ADS was not engaged and a test driver was operating the Waymo AV in manual mode. The Waymo AV sustained damage.

Waymo is reporting this crash under Request No. 1 of Standing General Order 2021-01 because a vehicle involved was towed away. Waymo may supplement or correct its reporting with additional information as it may become available.", ,,,,,,,post_june16
30270-13256,1,Waymo LLC,Monthly,11.0,2025.0,DEC-2025,SADHW2S15R1,Y,[MAY CONTAIN PERSONALLY IDENTIFIABLE INFORMATION],JAGUAR, ,I-PACE, ,2024, ,c333793295acf1b,,"5th Generation ADS, Version 10", ,ADS,Verified Engaged,Waymo LLC, , ,Y, , , , , , , , , ,NOV-2025, ,13:18, ,d42f320f6f44668,[MAY CONTAIN PERSONALLY IDENTIFIABLE INFORMATION], ,[MAY CONTAIN PERSONALLY IDENTIFIABLE INFORMATION], ,[MAY CONTAIN PERSONALLY IDENTIFIABLE INFORMATION], ,Atlanta, ,GA,[MAY CONTAIN PERSONALLY IDENTIFIABLE INFORMATION], ,Street, , ,Y, , , , , , , , ,Y, , , , , , , ,Other Fixed Object,Property Damage. No Injured Reported,,,,,,,,,,,,,Proceeding Straight,"No Subject Vehicle, No Crash Partner","No Subject Vehicle, No Crash Partner",Subject Vehicle - All Belted,12, , , , , , , , , ,Y, , , , ,Y, ,Y, , , ,Atlanta Fire Department Fire Station 19, ,Yes, ,"On November 26, 2025 at 1:18 PM ET a Waymo Autonomous Vehicle (""Waymo AV"") operating in Atlanta, Georgia was in a collision involving a fallen utility line on N. Morningside Drive NE near Yorkshire Road NE. 
The Waymo AV was traveling southbound on N. Morningside Drive NE when it slowed and maneuvered to the left for a fallen utility line hanging in the travel lane. As the Waymo AV proceeded forward, the front of the Waymo AV made contact with the fallen utility line. At the time of the impact, the Waymo AV's Level 4 ADS was engaged in autonomous mode. The Waymo AV sustained damage.

Waymo is reporting this crash under Request No. 2 of Standing General Order 2021-01. Waymo may supplement or correct its reporting with additional information as it may become available.", ,,,,,,,post_june16
30270-13267,1,Waymo LLC,5-Day,,,DEC-2025,SADHW2S14R1,Y,[MAY CONTAIN PERSONALLY IDENTIFIABLE INFORMATION],JAGUAR, ,I-PACE, ,2024, ,d90f7c16f675005,,"5th Generation ADS, Version 10", ,ADS,Verified Engaged,Waymo LLC, , ,Y, , , , , , , , , ,DEC-2025, ,07:58, ,82ae70e17b0d2ec,[MAY CONTAIN PERSONALLY IDENTIFIABLE INFORMATION], ,[MAY CONTAIN PERSONALLY IDENTIFIABLE INFORMATION], ,[MAY CONTAIN PERSONALLY IDENTIFIABLE INFORMATION], ,Austin, ,TX,[MAY CONTAIN PERSONALLY IDENTIFIABLE INFORMATION], ,Parking Lot, , ,Y, , , , , , , ,Y, , , , , , , , ,"Other, see Narrative",Property Damage. No Injured Reported,Backing, , , , , , ,Y, , , , ,Proceeding Straight,"No Subject Vehicle, No Crash Partner","Yes Subject Vehicle, No Crash Partner",Subject Vehicle - All Belted,6, , , , , , , , ,Y, , , , , ,Y, ,Y, , , ,, ,Yes, ,"On December 2, 2025 at 7:58 AM CT a Waymo Autonomous Vehicle (""Waymo AV"") operating in Austin, Texas was in a collision involving a golf cart in a parking lot at 2215 Town Lake Circle.
The Waymo AV was traveling eastbound in a parking lot at 2215 Town Lake Circle while a golf cart that was traveling eastbound in the parking lot turned right and stopped in a parking stall in front of and to the right of the Waymo AV.  As the Waymo AV continued eastbound and passed behind the golf cart, the golf cart then reversed and the rear of the golf cart made contact with the rear right side of the Waymo AV. At the time of the impact, the Waymo AV's Level 4 ADS was engaged in autonomous mode. The Waymo AV sustained damage.

Waymo is reporting this crash under Request No. 1 of Standing General Order 2021-01 because a vehicle involved was towed away. Waymo may supplement or correct its reporting with additional information as it may become available.", ,,,,,,,post_june16
30270-13269,1,Waymo LLC,Monthly,11.0,2025.0,DEC-2025,SADHW2S19R1,Y,[MAY CONTAIN PERSONALLY IDENTIFIABLE INFORMATION],JAGUAR, ,I-PACE, ,2024, ,6783f8800de6b51,,"5th Generation ADS, Version 10", ,ADS,Verified Engaged,Waymo LLC, , ,Y, , , , , , , , , ,NOV-2025, ,11:49, ,0f4b2c30b2b9d2a,[MAY CONTAIN PERSONALLY IDENTIFIABLE INFORMATION], ,[MAY CONTAIN PERSONALLY IDENTIFIABLE INFORMATION], ,[MAY CONTAIN PERSONALLY IDENTIFIABLE INFORMATION], ,Austin, ,TX,[MAY CONTAIN PERSONALLY IDENTIFIABLE INFORMATION], ,Intersection, , ,Y, , , , , ,Y, , , , , , , , , , ,Pickup Truck,Property Damage. No Injured Reported,Making Left Turn, , ,Y, , , , , , , , ,Making Left Turn,"No Subject Vehicle, No Crash Partner","No Subject Vehicle, No Crash Partner",Subject Vehicle - All Belted,15, , ,Y, , , , , , , , , , , ,Y, ,Y, , , ,, ,Yes, ,"On November 15, 2025 at 11:49 AM CT a Waymo Autonomous Vehicle (""Waymo AV"") operating in Austin, Texas was in a collision involving a pickup truck on North Interstate 35 Frontage Road at U.S. 290 Frontage Road. 
The Waymo AV was traveling northbound on North Interstate 35 Frontage Road in the second to the right lane with its left turn signal activated and preparing to change lanes to the adjacent left lane to make a left turn at the intersection with U.S. 290 Frontage Road. A pickup truck was traveling northbound on North Interstate 35 Frontage Road in the adjacent dedicated left turn lane to the left of the Waymo AV. As the Waymo AV approached the intersection at U.S. 290 Frontage Road, the Waymo AV initiated a left turn from the second to the right lane, entering the dedicated left turn lane of travel, and the front right side of the pickup truck made contact with the left side of the Waymo AV. At the time of the impact, the Waymo AV's Level 4 ADS was engaged in autonomous mode. The Waymo AV sustained damage.

Waymo is reporting this crash under Request No. 2 of Standing General Order 2021-01. Waymo may supplement or correct its reporting with additional information as it may become available.", ,,,,,,,post_june16
30270-13275,1,Waymo LLC,Monthly,11.0,2025.0,DEC-2025,SADHW2S12R1,Y,[MAY CONTAIN PERSONALLY IDENTIFIABLE INFORMATION],JAGUAR, ,I-PACE, ,2024, ,867be7d02de97dd,,"5th Generation ADS, Version 10", ,ADS,Verified Engaged,Waymo LLC, , ,Y, , , , , , , , , ,NOV-2025, ,23:46, ,4e6bd638c28f802,[MAY CONTAIN PERSONALLY IDENTIFIABLE INFORMATION], ,[MAY CONTAIN PERSONALLY IDENTIFIABLE INFORMATION], ,[MAY CONTAIN PERSONALLY IDENTIFIABLE INFORMATION], ,Atlanta, ,GA,[MAY CONTAIN PERSONALLY IDENTIFIABLE INFORMATION], ,Street, , ,Y, , , , , ,Y, , , , , , , , , , ,Passenger Car,Property Damage. No Injured Reported,Proceeding Straight, , ,Y, , , , , , , , ,Stopped,"No Subject Vehicle, No Crash Partner","No Subject Vehicle, No Crash Partner",Subject Vehicle - No Passenger In Vehicle,0, , , , ,Y, , , , , , , , , ,Y, ,Y, , , ,, ,Yes, ,"On November 23, 2025 at 11:46 PM ET a Waymo Autonomous Vehicle (""Waymo AV"") operating in Atlanta, Georgia was in a collision involving a passenger car on 14th Street NW near Howell Mill Road. 
The Waymo AV was stopped at the curb facing west on 14th Street NW for a passenger pick-up when a passenger car traveling westbound in the right lane on 14th Street NW approached the Waymo AV from behind, and the front right side of the passenger car made contact with the rear left side of the stationary Waymo AV. At the time of the impact, the Waymo AV's Level 4 ADS was engaged in autonomous mode. Both vehicles sustained damage.

Waymo is reporting this crash under Request No. 2 of Standing General Order 2021-01. Waymo may supplement or correct its reporting with additional information as it may become available.", ,,,,,,,post_june16
30270-13276,1,Waymo LLC,Monthly,11.0,2025.0,DEC-2025,SADHW2S18R1,Y,[MAY CONTAIN PERSONALLY IDENTIFIABLE INFORMATION],JAGUAR, ,I-PACE, ,2024, ,5dbb5f59cee23d3,,"5th Generation ADS, Version 10", ,ADS,Verified Engaged,Waymo LLC, , ,Y, , , , , , , , , ,NOV-2025, ,10:24, ,a5ba9c361d5c1b2,[MAY CONTAIN PERSONALLY IDENTIFIABLE INFORMATION], ,[MAY CONTAIN PERSONALLY IDENTIFIABLE INFORMATION], ,[MAY CONTAIN PERSONALLY IDENTIFIABLE INFORMATION], ,Atlanta, ,GA,[MAY CONTAIN PERSONALLY IDENTIFIABLE INFORMATION], ,Street, , ,Y, , , , , ,Y, , , , , , , , , , ,SUV,Property Damage. No Injured Reported,Proceeding Straight, , ,Y, , , , , , , , ,Proceeding Straight,"No Subject Vehicle, No Crash Partner","No Subject Vehicle, No Crash Partner",Subject Vehicle - All Belted,13, , , , ,Y, , , , , , , , , ,Y, ,Y, , , ,Atlanta Police Department, ,Yes, ,"On November 28, 2025 at 10:24 AM ET a Waymo Autonomous Vehicle (""Waymo AV"") operating in Atlanta, Georgia was in a collision involving an SUV on John Lewis Freedom Parkway NE near Boulevard NE. 
The Waymo AV was traveling northeastbound in the left lane on John Lewis Freedom Parkway NE when it began slowing for a tree branch situated directly above the roadway. While the Waymo AV was slowing, an SUV traveling northeastbound in the left lane on John Lewis Freedom Parkway NE approached the Waymo AV from behind and maneuvered to the left, and the front right side of the SUV made contact with the rear left side of the Waymo AV. At the time of the impact, the Waymo AV's Level 4 ADS was engaged in autonomous mode. Both vehicles sustained damage.

Waymo is reporting this crash under Request No. 2 of Standing General Order 2021-01. Waymo may supplement or correct its reporting with additional information as it may become available.", ,,,,,,,post_june16
30270-13277,1,Waymo LLC,5-Day,,,DEC-2025,SADHW2S11R1,Y,[MAY CONTAIN PERSONALLY IDENTIFIABLE INFORMATION],JAGUAR, ,I-PACE, ,2024, ,450b288c5c8a114,,"5th Generation ADS, Version 10", ,ADS,Verified Engaged,Waymo LLC, , ,Y, , , , , , , , , ,DEC-2025, ,09:29, ,4e746021b472ab5,[MAY CONTAIN PERSONALLY IDENTIFIABLE INFORMATION], ,[MAY CONTAIN PERSONALLY IDENTIFIABLE INFORMATION], ,[MAY CONTAIN PERSONALLY IDENTIFIABLE INFORMATION], ,Atlanta, ,GA,[MAY CONTAIN PERSONALLY IDENTIFIABLE INFORMATION], ,Street, , , , , , , ,Y, , ,Y, , , , , , , , ,"Other, see Narrative",Property Damage. No Injured Reported,Backing, , , , , , ,Y, , , , ,Stopped,"No Subject Vehicle, No Crash Partner","Yes Subject Vehicle, No Crash Partner",Subject Vehicle - No Passenger In Vehicle,0, , , , , , , , , ,Y, , , , ,Y, ,Y, , , ,Atlanta Police Department, ,Yes, ,"On December 3, 2025 at 9:29 AM ET a Waymo Autonomous Vehicle (""Waymo AV"") operating in Atlanta, Georgia was in a collision involving a street sweeper construction vehicle on Nelson Street SW near Mangum Street SW. 
The Waymo AV was traveling westbound through a construction zone on Nelson Street SW when a street sweeper traveling westbound on Nelson Street in front of the Waymo AV slowed to a stop. The Waymo AV slowed to a stop to yield to the street sweeper, and the street sweeper reversed, and the rear of the street sweeper made contact with the front of the stationary Waymo AV. At the time of the impact, the Waymo AV's Level 4 ADS was engaged in autonomous mode. The Waymo AV sustained damage.

Waymo is reporting this crash under Request No. 1 of Standing General Order 2021-01 because a vehicle involved was towed away. Waymo may supplement or correct its reporting with additional information as it may become available.", ,,,,,,,post_june16
30270-13278,1,Waymo LLC,5-Day,,,DEC-2025,SADHW2S13R1,Y,[MAY CONTAIN PERSONALLY IDENTIFIABLE INFORMATION],JAGUAR, ,I-PACE, ,2024, ,632c1ca9ae71a37,,"5th Generation ADS, Version 10", ,ADS,Verified Engaged,Waymo LLC, , ,Y, , , , , , , , , ,DEC-2025, ,09:59, ,83944815ca12307,[MAY CONTAIN PERSONALLY IDENTIFIABLE INFORMATION], ,[MAY CONTAIN PERSONALLY IDENTIFIABLE INFORMATION], ,[MAY CONTAIN PERSONALLY IDENTIFIABLE INFORMATION], ,Phoenix, ,AZ,[MAY CONTAIN PERSONALLY IDENTIFIABLE INFORMATION], ,Street, , ,Y, , , , , , , , ,Y, , , , , , , ,Heavy Truck,Property Damage. No Injured Reported,Backing,Y, , , , , , , , , , ,Stopped,"No Subject Vehicle, No Crash Partner","Yes Subject Vehicle, No Crash Partner",Subject Vehicle - No Passenger In Vehicle,0, , , , , , ,Y, , , , , , , ,Y, ,Y, , , ,, ,Yes, ,"On December 3, 2025 at 9:59 AM MT a Waymo Autonomous Vehicle (""Waymo AV"") operating in Phoenix, Arizona was in a collision involving a heavy truck on S. 3rd Street near E. Buckeye Road.
The Waymo AV was traveling northbound on S. 3rd Street when a heavy truck traveling westbound and exiting a truck parking bay behind 1215 S. 3rd Street turned right onto S. 3rd Street in front of the Waymo AV. As the heavy truck was completing its right turn, the heavy truck came to a stop in the Waymo AV's lane of travel and the Waymo AV stopped to yield to the heavy truck. The heavy truck then reversed, and the rear right side of the heavy truck trailer made contact with the front left side of the Waymo AV. At the time of the impact, the Waymo AV's Level 4 ADS was engaged in autonomous mode. The Waymo AV sustained damage.

Waymo is reporting this crash under Request No. 1 of Standing General Order 2021-01 a vehicle involved was towed away. Waymo may supplement or correct its reporting with additional information as it may become available.", ,,,,,,,post_june16
30270-13287,1,Waymo LLC,5-Day,,,DEC-2025,SADHW2S14R1,Y,[MAY CONTAIN PERSONALLY IDENTIFIABLE INFORMATION],JAGUAR, ,I-PACE, ,2024, ,40a5972f951c80f,,"5th Generation ADS, Version 10", ,ADS,Verified Engaged,Waymo LLC, , ,Y, , , , , , , , , ,DEC-2025, ,16:45, ,2e193f1562b2fe7,[MAY CONTAIN PERSONALLY IDENTIFIABLE INFORMATION], ,[MAY CONTAIN PERSONALLY IDENTIFIABLE INFORMATION], ,[MAY CONTAIN PERSONALLY IDENTIFIABLE INFORMATION], ,Austin, ,TX,[MAY CONTAIN PERSONALLY IDENTIFIABLE INFORMATION], ,Street, , ,Y, , , , , , , ,Y, , , , , , , , ,Pickup Truck,Minor W/O Hospitalization,Proceeding Straight, , , , , , , , ,Y, , ,Stopped,"No Subject Vehicle, No Crash Partner","Yes Subject Vehicle, No Crash Partner",Subject Vehicle - All Belted,0, , , , , , , ,Y, , , , , , ,Y, ,Y, , , ,, ,Yes, ,"On December 3, 2025 at 4:45 PM CT a Waymo Autonomous Vehicle (""Waymo AV"") operating in Austin, Texas was in a collision involving a pickup truck on E. Ben White Boulevard near S. Congress Avenue. 
The Waymo AV was stopped facing northwest in the second from the right lane on E. Ben White Boulevard in a queue of traffic for a red light at the intersection with S. Congress Avenue. After the traffic light turned green and traffic ahead advanced, the Waymo AV proceeded a short distance and came to a stop because of the detection of a potential nearby emergency vehicle. A pickup truck that was initially stopped directly behind the Waymo AV proceeded forward, and the front of the pickup truck made contact with the rear of the stationary Waymo AV. At the time of the impact, the Waymo AV's Level 4 ADS was engaged in autonomous mode. Both vehicles sustained damage. The passenger in the Waymo AV alleged a minor injury.

Waymo is reporting this crash under Request No. 1 of Standing General Order 2021-01 a vehicle involved was towed away. Waymo may supplement or correct its reporting with additional information as it may become available.", ,,,,,,,post_june16
30270-13303,1,Waymo LLC,5-Day,,,DEC-2025,SADHW2S13R1,Y,[MAY CONTAIN PERSONALLY IDENTIFIABLE INFORMATION],JAGUAR, ,I-PACE, ,2024, ,c066490829bccdd,,"5th Generation ADS, Version 10", ,ADS,Verified Engaged,Waymo LLC, , ,Y, , , , , , , , , ,DEC-2025, ,18:32, ,64f79f6cea38760,[MAY CONTAIN PERSONALLY IDENTIFIABLE INFORMATION], ,[MAY CONTAIN PERSONALLY IDENTIFIABLE INFORMATION], ,[MAY CONTAIN PERSONALLY IDENTIFIABLE INFORMATION], ,Tempe, ,AZ,[MAY CONTAIN PERSONALLY IDENTIFIABLE INFORMATION], ,Street, , ,Y, , , , , ,Y, , , , , , , , , , ,SUV,Property Damage. No Injured Reported,Stopped, , ,Y, , , , , , , , ,Stopped,"No Subject Vehicle, No Crash Partner","Yes Subject Vehicle, Yes Crash Partner",Subject Vehicle - All Belted,0, , , , , , , ,Y, , , , , , ,Y, ,Y, , , ,Tempe Police Department, ,Yes, ,"On December 7, 2025 at 6:32 PM MT a Waymo Autonomous Vehicle (""Waymo AV"") operating in Tempe, Arizona was in a collision involving an SUV on Priest Drive at the U.S. Route 60 East on-ramp.
The Waymo AV was traveling northbound in the leftmost lane on Priest Drive when it slowed to a stop to yield to a passenger car stopped facing north in the leftmost lane at a green light at the intersection with the U.S. Route 60 East on-ramp. While the Waymo AV was stopped, an SUV traveling northbound in the leftmost lane on Priest Drive approached the Waymo AV from behind and slowed to a stop. While the passenger car, the Waymo AV, and the SUV, were all stopped, a van traveling northbound in the leftmost lane on Priest Drive approached the stopped SUV from behind and the front left side of the van made contact with the rear right side of the stationary SUV, and as a result the front right side of the SUV then made contact with the rear of the stationary Waymo AV. At the time of the impact, the Waymo AV's Level 4 ADS was engaged in autonomous mode. All three vehicles sustained damage.

Waymo is reporting this crash under Request No. 1 of Standing General Order 2021-01 because a vehicle involved was towed away. Waymo may supplement or correct its reporting with additional information as it may become available.", ,,,,,,,post_june16
30270-13326,1,Waymo LLC,5-Day,,,DEC-2025,SADHW2S15R1,Y,[MAY CONTAIN PERSONALLY IDENTIFIABLE INFORMATION],JAGUAR, ,I-PACE, ,2024, ,68257e5bd9a8932,,"5th Generation ADS, Version 10", ,ADS,Verified Engaged,Waymo LLC, , ,Y, , , , , , , , , ,DEC-2025, ,14:20, ,dfdd19231c02d44,[MAY CONTAIN PERSONALLY IDENTIFIABLE INFORMATION], ,[MAY CONTAIN PERSONALLY IDENTIFIABLE INFORMATION], ,[MAY CONTAIN PERSONALLY IDENTIFIABLE INFORMATION], ,Atlanta, ,GA,[MAY CONTAIN PERSONALLY IDENTIFIABLE INFORMATION], ,Street, , ,Y, , , , , , , , ,Y, , , , , , , ,Pickup Truck,Property Damage. No Injured Reported,Passing, , , , , , , ,Y, , , ,Parked,"No Subject Vehicle, No Crash Partner","Yes Subject Vehicle, No Crash Partner",Subject Vehicle - No Passenger In Vehicle,0, , , , ,Y, , , , , , , , , ,Y, ,Y, , , ,, ,Yes, ,"On December 9, 2025 at 2:20 PM ET a Waymo Autonomous Vehicle (""Waymo AV"") operating in Atlanta, Georgia was in a collision involving a pickup truck on Coca Cola Place SE near Pratt Street SE. 
The Waymo AV was stopped in-lane facing southeast on Coca Cola Place SE for a passenger pick-up with hazard lights activated. While the Waymo AV was stopped, a pickup truck traveling southeastbound on Coca Cola Place SE proceeded to pass the Waymo AV on the left and the right side of the pickup truck made contact with the rear left side of the stationary Waymo AV. At the time of the impact, the Waymo AV's Level 4 ADS was engaged in autonomous mode. Both vehicles sustained damage.

Waymo is reporting this crash under Request No. 1 of Standing General Order 2021-01 because a vehicle involved was towed away. Waymo may supplement or correct its reporting with additional information as it may become available.", ,,,,,,,post_june16