Report ID,Report Version,Reporting Entity,Report Type,Report Month,Report Year,Report Submission Date,VIN,VIN Decoded,Serial Number,Make,Make - Unknown,Model,Model - Unknown,Model Year,Model Year - Unknown,Same Vehicle ID,Driver / Operator Type,Automation Feature Version,Automation Feature Version CBI,Automation System Engaged?,Engagement Status,Operating Entity,Operating Entity - Unknown,Source - Complaint/Claim,Source - Telematics,Source - Law Enforcement,Source - Field Report,Source - Testing,Source - Media,Source - Internal Process Review,Source - NHTSA VOQ,Source - Other - See Narrative,Source - Other Entity,Source - State or Other Agency,Incident Date,Incident Date - Unknown,Incident Time (24:00),Incident Time - Unknown,Same Incident ID,Latitude,Latitude - Unknown,Longitude,Longitude - Unknown,Address,Address - Unknown,City,City - Unknown,State,Zip Code,Zip Code - Unknown,Roadway Type,Roadway-Degraded Surface,Roadway-Missing/Degraded Marking,Roadway-No Unusual Conditions,Roadway-Other-See Narrative,Roadway-Traffic Incident,Roadway-Unknown,Roadway-Wet Surface Condition,Roadway-Work Zone,Weather - Clear,Weather - Snow,Weather - Cloudy,Weather - Partly Cloudy,Weather - Fog/Smoke/Haze,Weather - Rain,Weather - Severe Wind,Weather - Dust Storm,Weather - Severe Hurricane,Weather - Structure-Indoor,Weather - Unk - See Narrative,Crash With,Highest Injury Severity Alleged,CP Pre-Crash Movement,CP Contact Area - Rear Left,CP Contact Area - Left,CP Contact Area - Front Left,CP Contact Area - Rear,CP Contact Area - Top,CP Contact Area - Front,CP Contact Area - Rear Right,CP Contact Area - Right,CP Contact Area - Front Right,CP Contact Area - Bottom,CP Contact Area - Unknown,SV Pre-Crash Movement,Any Air Bags Deployed?,Was Any Vehicle Towed?,Were All Passengers Belted?,SV Precrash Speed (MPH),SV Pre-crash Speed - Unknown,SV Contact Area - Rear Left,SV Contact Area - Left,SV Contact Area - Front Left,SV Contact Area - Rear,SV Contact Area - Top,SV Contact Area - Front,SV Contact Area - Rear Right,SV Contact Area - Right,SV Contact Area - Front Right,SV Contact Area - Bottom,SV Contact Area - Unknown,Data Availability - EDR,Data Availability - Police Rpt,Data Availability - Telematics,Data Availability - Complaints,Data Availability - Video,Data Availability - Other,Data Availability - No Data,Data Availability - Unknown,Investigating Agency,Investigating Agency - Unknown,Within ODD?,Within ODD? - CBI,Narrative,Narrative - CBI?,hub_delta_v_less_than_1mph,hub_zip_code,hub_location,hub_crash_type,hub_is_police_reported,hub_is_any_injury_reported,data_period
30270-13068,1,Waymo LLC,5-Day,,,NOV-2025,SADHW2S1XR1,Y,[MAY CONTAIN PERSONALLY IDENTIFIABLE INFORMATION],JAGUAR, ,I-PACE, ,2024, ,13965860762147e,,"5th Generation ADS, Version 10", ,ADS,Verified Engaged,Waymo LLC, , ,Y, , , , , , , , , ,NOV-2025, ,17:33, ,534cbfd41219280,[MAY CONTAIN PERSONALLY IDENTIFIABLE INFORMATION], ,[MAY CONTAIN PERSONALLY IDENTIFIABLE INFORMATION], ,[MAY CONTAIN PERSONALLY IDENTIFIABLE INFORMATION], ,Los Angeles, ,CA,[MAY CONTAIN PERSONALLY IDENTIFIABLE INFORMATION], ,Street, , ,Y, , , , , ,Y, , , , , , , , , , ,Bus,Property Damage. No Injured Reported,Proceeding Straight, , , , , , , ,Y, , , ,Stopped,"No Subject Vehicle, No Crash Partner","Yes Subject Vehicle, No Crash Partner",Subject Vehicle - No Passenger In Vehicle,0, , ,Y, , , , , , , , , , , ,Y, ,Y, , , ,, ,Yes, ,"On November 7, 2025 at 5:33 PM PT a Waymo Autonomous Vehicle (""Waymo AV"") operating in Los Angeles, California was in a collision involving a bus on Broadway near W. 11th Street.
The Waymo AV was stopped at the curb on Broadway facing northeast for a passenger pick-up with hazard lights activated when a bus traveling northeastbound on Broadway slowed to a stop to the left of the Waymo AV for a red light at the intersection with W. 11th Street. After the light turned green, the bus proceeded forward and the right side of the bus made contact with the left side of the stationary Waymo AV. At the time of the impact, the Waymo AV's Level 4 ADS was engaged in autonomous mode. The Waymo AV sustained damage.

Waymo is reporting this crash under Request No. 1 of Standing General Order 2021-01 because a vehicle involved was towed away. Waymo may supplement or correct its reporting with additional information as it may become available.", ,,,,,,,post_june16
30270-13079,1,Waymo LLC,5-Day,,,NOV-2025,SADHW2S18R1,Y,[MAY CONTAIN PERSONALLY IDENTIFIABLE INFORMATION],JAGUAR, ,I-PACE, ,2024, ,4eac2ea7846f880,,"5th Generation ADS, Version 10", ,ADS,Verified Engaged,Waymo LLC, , ,Y, , , , , , , , , ,NOV-2025, ,04:20, ,015a78523465889,[MAY CONTAIN PERSONALLY IDENTIFIABLE INFORMATION], ,[MAY CONTAIN PERSONALLY IDENTIFIABLE INFORMATION], ,[MAY CONTAIN PERSONALLY IDENTIFIABLE INFORMATION], ,Los Angeles, ,CA,[MAY CONTAIN PERSONALLY IDENTIFIABLE INFORMATION], ,Intersection, , ,Y, , , , , ,Y, , , , , , , , , , ,Passenger Car,Property Damage. No Injured Reported,Proceeding Straight, , , , , , , , ,Y, , ,Stopped,"No Subject Vehicle, No Crash Partner","Yes Subject Vehicle, No Crash Partner",Subject Vehicle - No Passenger In Vehicle,0, , , , , , , ,Y, , , , , , ,Y, ,Y, , , ,, ,Yes, ,"On November 8, 2025 at 4:20 AM PT a Waymo Autonomous Vehicle (""Waymo AV"") operating in Los Angeles, California was in a collision involving a passenger car on Maple Avenue at 7th Street. 
The Waymo AV was traveling northeastbound on Maple Avenue when it proceeded to enter the intersection with 7th Street on a yellow light. As the Waymo AV was approaching the intersection, a bus was completing a left turn from southwestbound Maple Avenue onto southeastbound 7th Street in front of the AV. As the AV entered the intersection and the bus completed its turn, a cyclist traveling northwestbound on 7th Street entered the intersection against a red light and emerged from behind the bus, crossing in front of the Waymo AV. The Waymo AV braked and came to a stop within the intersection to yield to the cyclist, and a passenger car that was traveling northeastbound on Maple Street behind the Waymo AV approached the Waymo AV from behind and the front of the passenger car made contact with the rear of the stationary Waymo AV. At the time of the impact, the Waymo AV's Level 4 ADS was engaged in autonomous mode. Both vehicles sustained damage.

Waymo is reporting this crash under Request No. 1 of Standing General Order 2021-01 because a vehicle involved was towed away. Waymo may supplement or correct its reporting with additional information as it may become available.", ,,,,,,,post_june16
30270-13080,1,Waymo LLC,5-Day,,,NOV-2025,SADHW2S17R1,Y,[MAY CONTAIN PERSONALLY IDENTIFIABLE INFORMATION],JAGUAR, ,I-PACE, ,2024, ,e74690add55a695,,"5th Generation ADS, Version 10", ,ADS,Verified Engaged,Waymo LLC, , ,Y, , , , , , , , , ,NOV-2025, ,17:47, ,2a1910c31a9964b,[MAY CONTAIN PERSONALLY IDENTIFIABLE INFORMATION], ,[MAY CONTAIN PERSONALLY IDENTIFIABLE INFORMATION], ,[MAY CONTAIN PERSONALLY IDENTIFIABLE INFORMATION], ,San Francisco, ,CA,[MAY CONTAIN PERSONALLY IDENTIFIABLE INFORMATION], ,Street, , ,Y, , , , , ,Y, , , , , , , , , , ,Bus,Property Damage. No Injured Reported,Passing, , , , , , , ,Y, , , ,Parked,"No Subject Vehicle, No Crash Partner","Yes Subject Vehicle, No Crash Partner",Subject Vehicle - All Belted,0, , , , ,Y, , , , , , , , , ,Y, ,Y, , , ,, ,Yes, ,"On November 6, 2025 at 5:47 PM PT a Waymo Autonomous Vehicle (""Waymo AV"") operating in San Francisco, California was in a collision involving a bus on Union Street at Buchanan Street. 
The Waymo AV was parked facing east on Union Street, partially at the curb and partially in-lane with hazard lights activated. A bus traveling eastbound on Union Street came to a stop at the curb behind the Waymo AV. After stopping momentarily for passenger boarding and unboarding, the bus proceeded to pass the Waymo AV on the left and the right side of the bus made contact with the rear left side of the stationary Waymo AV. At the time of the impact, the Waymo AV's Level 4 ADS was engaged in autonomous mode. Both vehicles sustained damage.

Waymo is reporting this crash under Request No. 1 of Standing General Order 2021-01 because a vehicle involved was towed away. Waymo may supplement or correct its reporting with additional information as it may become available.", ,,,,,,,post_june16
30270-13082,1,Waymo LLC,Monthly,11.0,2025.0,DEC-2025,SADHW2S18R1,Y,[MAY CONTAIN PERSONALLY IDENTIFIABLE INFORMATION],JAGUAR, ,I-PACE, ,2024, ,997b7ef6cfcc5ec,,"5th Generation ADS, Version 10", ,ADS,Verified Engaged,Waymo LLC, , ,Y, , , , , , , , , ,NOV-2025, ,16:42, ,403c5fc83552c95,[MAY CONTAIN PERSONALLY IDENTIFIABLE INFORMATION], ,[MAY CONTAIN PERSONALLY IDENTIFIABLE INFORMATION], ,[MAY CONTAIN PERSONALLY IDENTIFIABLE INFORMATION], ,San Francisco, ,CA,[MAY CONTAIN PERSONALLY IDENTIFIABLE INFORMATION], ,Street, , ,Y, , , , , ,Y, , , , , , , , , , ,Bus,Property Damage. No Injured Reported,Proceeding Straight, , , , , , , ,Y, , , ,Stopped,"No Subject Vehicle, No Crash Partner","No Subject Vehicle, No Crash Partner",Subject Vehicle - All Belted,0, , , , , , ,Y, , , , , , , ,Y, ,Y, , , ,, ,Yes, ,"On November 6, 2025 at 4:42 PM PT a Waymo Autonomous Vehicle (""Waymo AV"") operating in San Francisco, California was in a collision involving a bus on Harrison Street near 1st Street. 
The Waymo AV was stopped at the curb facing southwest on Harrison Street for a passenger pick-up with hazard lights activated when a bus traveling southwestbound in the rightmost lane on Harrison Street came to a stop to the left of the stationary Waymo AV in a queue of traffic for a red light at the intersection with 1st Street. After the Waymo AV completed the passenger pickup, the Waymo AV proceeded forward momentarily along the curb and came to a stop to yield to the bus. The bus also proceeded forward momentarily before coming to a stop adjacent to the Waymo AV. As the light turned green and traffic ahead advanced, the bus proceeded forward and the right side of the bus made contact with the front left side of the stationary Waymo AV. At the time of the impact, the Waymo AV's Level 4 ADS was engaged in autonomous mode. Both vehicles sustained damage.

Waymo is reporting this crash under Request No. 2 of Standing General Order 2021-01. Waymo may supplement or correct its reporting with additional information as it may become available.", ,,,,,,,post_june16
30270-13089,1,Waymo LLC,5-Day,,,NOV-2025,SADHW2S13R1,Y,[MAY CONTAIN PERSONALLY IDENTIFIABLE INFORMATION],JAGUAR, ,I-PACE, ,2024, ,ede3c2a152c3379,,"5th Generation ADS, Version 10", ,ADS,Verified Engaged,Waymo LLC, , ,Y, , , , , , , , , ,NOV-2025, ,11:09, ,331e58653eefc19,[MAY CONTAIN PERSONALLY IDENTIFIABLE INFORMATION], ,[MAY CONTAIN PERSONALLY IDENTIFIABLE INFORMATION], ,[MAY CONTAIN PERSONALLY IDENTIFIABLE INFORMATION], ,San Francisco, ,CA,[MAY CONTAIN PERSONALLY IDENTIFIABLE INFORMATION], ,Street, , ,Y, , , , , , , ,Y, , , , , , , , ,Bus,Property Damage. No Injured Reported,Parking Maneuver, , , ,Y, , , , , , , ,Stopped,"No Subject Vehicle, No Crash Partner","Yes Subject Vehicle, No Crash Partner",Subject Vehicle - No Passenger In Vehicle,0, , , ,Y, , , , , , , , , , ,Y, ,Y, , , ,, ,Yes, ,"On November 11, 2025 at 11:09 AM PT a Waymo Autonomous Vehicle (""Waymo AV"") operating in San Francisco, California was in a collision involving a bus on Mission Street near Steuart Street. 
The Waymo AV was parked in-lane facing northeast on Mission Street with hazard lights activated for a passenger drop-off when a passenger car stopped in front of the Waymo AV to the right departed a curbside passenger loading zone. While the AV remained stationary, a paratransit bus that was traveling northeastbound on Mission Street passed the Waymo AV and proceeded to reverse into the passenger loading zone. As the bus was maneuvering forward to position itself at the curb, the rear left side of the bus made contact with the front right side of the stationary Waymo AV. At the time of the impact, the Waymo AV's Level 4 ADS was engaged in autonomous mode. Both vehicles sustained damage.

Waymo is reporting this crash under Request No. 1 of Standing General Order 2021-01 because a vehicle involved was towed away. Waymo may supplement or correct its reporting with additional information as it may become available.", ,,,,,,,post_june16
30270-13091,1,Waymo LLC,Monthly,11.0,2025.0,DEC-2025,SADHW2S11R1,Y,[MAY CONTAIN PERSONALLY IDENTIFIABLE INFORMATION],JAGUAR, ,I-PACE, ,2024, ,84abb19645061b5,,"5th Generation ADS, Version 10", ,ADS,Verified Engaged,Waymo LLC, , ,Y, , , , , , , , , ,NOV-2025, ,11:03, ,78395c1007ca02d,[MAY CONTAIN PERSONALLY IDENTIFIABLE INFORMATION], ,[MAY CONTAIN PERSONALLY IDENTIFIABLE INFORMATION], ,[MAY CONTAIN PERSONALLY IDENTIFIABLE INFORMATION], ,San Francisco, ,CA,[MAY CONTAIN PERSONALLY IDENTIFIABLE INFORMATION], ,Street, , ,Y, , , , , , , ,Y, , , , , , , , ,"Other, see Narrative",Property Damage. No Injured Reported,"Other, see Narrative", , , , , , , , , , ,Y,Proceeding Straight,"No Subject Vehicle, No Crash Partner","No Subject Vehicle, No Crash Partner",Subject Vehicle - No Passenger In Vehicle,0, , , , , , , ,Y, , , , , , ,Y, ,Y, , , ,, ,Yes, ,"On November 6, 2025 at 11:03 AM PT a Waymo Autonomous Vehicle (""Waymo AV"") operating in San Francisco, California was in a collision involving a tow truck on Rey Street near Sunnydale Avenue. 
The Waymo AV was parked at the curb facing north on Rey Street. A tow truck traveling southbound on Rey Street maneuvered directly behind the Waymo AV and came to a stop. The tow truck extended its wheel-lift arm towards the Waymo AV and maneuvered to position the arm under the rear wheels of the stationary Waymo AV. As the wheel-lift arm began to lift the Waymo AV from the ground, the Waymo AV proceeded forward, and the rear of the Waymo AV made contact with the wheel-lift arm. At the time of the impact, the Waymo AV's Level 4 ADS was engaged in autonomous mode. The Waymo AV sustained damage.

Waymo is reporting this crash under Request No. 2 of Standing General Order 2021-01. Waymo may supplement or correct its reporting with additional information as it may become available.", ,,,,,,,post_june16
30270-13096,1,Waymo LLC,5-Day,,,NOV-2025,SADHW2S18R1,Y,[MAY CONTAIN PERSONALLY IDENTIFIABLE INFORMATION],JAGUAR, ,I-PACE, ,2024, ,8bd85bd5523157a,,"5th Generation ADS, Version 10", ,ADS,Verified Engaged,Waymo LLC, , ,Y, , , , , , , , , ,NOV-2025, ,11:32, ,7454cf9f599bad4,[MAY CONTAIN PERSONALLY IDENTIFIABLE INFORMATION], ,[MAY CONTAIN PERSONALLY IDENTIFIABLE INFORMATION], ,[MAY CONTAIN PERSONALLY IDENTIFIABLE INFORMATION], ,Los Angeles, ,CA,[MAY CONTAIN PERSONALLY IDENTIFIABLE INFORMATION], ,Street, , ,Y, , , , , , , ,Y, , , , , , , , ,"Other, see Narrative",Property Damage. No Injured Reported,"Other, see Narrative", , , , , , , , , , ,Y,Proceeding Straight,"No Subject Vehicle, No Crash Partner","Yes Subject Vehicle, No Crash Partner",Subject Vehicle - No Passenger In Vehicle,30, , , , , , ,Y, , , , , , , ,Y, ,Y, , , ,, ,Yes, ,"On November 12, 2025 at 11:32 AM PT a Waymo Autonomous Vehicle (""Waymo AV"") operating in Los Angeles, California was in a collision involving a suspended wire on Main Street near W. 37th Place. 
The Waymo AV was traveling northbound in the left lane on Main Street when it approached a wire apparently tied on one end to a utility pole and being held up by a pedestrian on the west sidewalk of Main Street, such that the wire was suspended low across all lanes of Main Street. The Waymo proceeded straight, striking the suspended wire and then driving over it. The Waymo AV sustained damage.

Waymo is reporting this crash under Request No. 1 of Standing General Order 2021-01 because a vehicle involved was towed away. Waymo may supplement or correct its reporting with additional information as it may become available.", ,,,,,,,post_june16
30270-13099,1,Waymo LLC,Monthly,11.0,2025.0,DEC-2025,SADHW2S11R1,Y,[MAY CONTAIN PERSONALLY IDENTIFIABLE INFORMATION],JAGUAR, ,I-PACE, ,2024, ,4f8d0c1691f7096,,"5th Generation ADS, Version 10", ,ADS,Verified Engaged,Waymo LLC, , ,Y, , , , , , , , , ,NOV-2025, ,03:15, ,d9550aa70b90958,[MAY CONTAIN PERSONALLY IDENTIFIABLE INFORMATION], ,[MAY CONTAIN PERSONALLY IDENTIFIABLE INFORMATION], ,[MAY CONTAIN PERSONALLY IDENTIFIABLE INFORMATION], ,Los Angeles, ,CA,[MAY CONTAIN PERSONALLY IDENTIFIABLE INFORMATION], ,Intersection, , ,Y, , , , , ,Y, , , , , , , , , , ,Passenger Car,Property Damage. No Injured Reported,Changing Lanes, , , , , , , , ,Y, , ,Stopped,"No Subject Vehicle, No Crash Partner","No Subject Vehicle, No Crash Partner",Subject Vehicle - No Passenger In Vehicle,0, , , , , , , ,Y, , , , , , ,Y, ,Y, , , ,, ,Yes, ,"On November 5, 2025 at 3:15 AM PT a Waymo Autonomous Vehicle (""Waymo AV"") operating in Los Angeles, California was in a collision involving a passenger car on 6th Street at Vermont Avenue. 
The Waymo AV was stopped facing west in the second from right lane on 6th Street for a red light at the intersection at Vermont Avenue. While the Waymo AV was stopped, a passenger car traveling westbound in the rightmost lane on 6th Street approached a van that was traveling directly in front of the passenger car and began to maneuver left into the second from right lane. The van was coming to a stop for a red light as the passenger car approached. As the passenger car crossed the dashed white lane line, the front right side of the passenger car made contact with the rear left side of the van, and the front of the passenger car then made contact with the rear of the stationary Waymo AV. At the time of the impact, the Waymo AV's Level 4 ADS was engaged in autonomous mode. The Waymo AV, the passenger car, and the van sustained damage.

Waymo is reporting this crash under Request No. 2 of Standing General Order 2021-01. Waymo may supplement or correct its reporting with additional information as it may become available.", ,,,,,,,post_june16
30270-13100,1,Waymo LLC,5-Day,,,NOV-2025,SADHW2S10R1,Y,[MAY CONTAIN PERSONALLY IDENTIFIABLE INFORMATION],JAGUAR, ,I-PACE, ,2024, ,1070c2b8ab10432,,"5th Generation ADS, Version 10", ,ADS,Verified Engaged,Waymo LLC, , ,Y, , , , , , , , , ,NOV-2025, ,10:56, ,d67766755374650,[MAY CONTAIN PERSONALLY IDENTIFIABLE INFORMATION], ,[MAY CONTAIN PERSONALLY IDENTIFIABLE INFORMATION], ,[MAY CONTAIN PERSONALLY IDENTIFIABLE INFORMATION], ,Mountain View, ,CA,[MAY CONTAIN PERSONALLY IDENTIFIABLE INFORMATION], ,Street, , , , , , ,Y, , , , , , ,Y, , , , , ,Van,Minor W/O Hospitalization,Proceeding Straight, , , , , , , , ,Y, , ,Stopped,"No Subject Vehicle, No Crash Partner","Yes Subject Vehicle, No Crash Partner",Subject Vehicle - All Belted,0, , , , , , , ,Y, , , , , , ,Y, ,Y, , , ,, ,Yes, ,"On November 13, 2025 at 10:56 AM PT a Waymo Autonomous Vehicle (""Waymo AV"") operating in Mountain View, California was in a collision involving a mail truck on N. Shoreline Boulevard at Montecito Avenue. 
The Waymo AV was traveling northeastbound in the rightmost lane on N. Shoreline Boulevard with its right turn signal activated when it began to maneuver to the right in preparation for a right turn at the intersection with Montecito Avenue and came to a stop at the green light before entering the intersection. While the Waymo AV was stopped, a mail truck traveling northeastbound in the rightmost lane on N. Shoreline Boulevard approached the Waymo AV from behind and the front of the mail truck made contact with the rear of the stationary Waymo AV. At the time of the impact, the Waymo AV's Level 4 ADS was engaged in autonomous mode. Both vehicles sustained damage. The passenger in the Waymo AV alleged a minor injury.

Waymo is reporting this crash under Request No. 1 of Standing General Order 2021-01 because a vehicle involved was towed away. Waymo may supplement or correct its reporting with additional information as it may become available.", ,,,,,,,post_june16
30270-13102,1,Waymo LLC,Monthly,11.0,2025.0,DEC-2025,SADHW2S11R1,Y,[MAY CONTAIN PERSONALLY IDENTIFIABLE INFORMATION],JAGUAR, ,I-PACE, ,2024, ,155e3eb9d3e6a97,,"5th Generation ADS, Version 10", ,ADS,Verified Engaged,Waymo LLC, , ,Y, , , , , , , , , ,NOV-2025, ,01:15, ,091301476ab8ada,[MAY CONTAIN PERSONALLY IDENTIFIABLE INFORMATION], ,[MAY CONTAIN PERSONALLY IDENTIFIABLE INFORMATION], ,[MAY CONTAIN PERSONALLY IDENTIFIABLE INFORMATION], ,Los Angeles, ,CA,[MAY CONTAIN PERSONALLY IDENTIFIABLE INFORMATION], ,Street, , ,Y, , , , , ,Y, , , , , , , , , , ,Passenger Car,Property Damage. No Injured Reported,Proceeding Straight, , , , , , , , ,Y, , ,Proceeding Straight,"No Subject Vehicle, No Crash Partner","No Subject Vehicle, No Crash Partner",Subject Vehicle - No Passenger In Vehicle,9, , , , , , , ,Y, , , , , , ,Y, ,Y, , , ,Santa Monica Police Department, ,Yes, ,"On November 11, 2025 at 1:15 AM PT a Waymo Autonomous Vehicle (""Waymo AV"") operating in Los Angeles, Califonra was in a collision involving a passenger car on Lucas Avenue near Wilshire Boulevard. 
The Waymo AV was traveling southwestbound on Lucas Avenue when it began slowing for a stop sign at a marked crosswalk across Lucas Avenue. As the Waymo AV was slowing, a passenger car traveling at a high rate of speed approached the Waymo AV from behind, and the front of the passenger car made contact with the rear of the Waymo AV. At the time of the impact, the Waymo AV's Level 4 ADS was engaged in autonomous mode. Both vehicles sustained damage.

Waymo is reporting this crash under Request No. 2 of Standing General Order 2021-01. Waymo may supplement or correct its reporting with additional information as it may become available.", ,,,,,,,post_june16
30270-13126,1,Waymo LLC,5-Day,,,NOV-2025,SADHW2S12R1,Y,[MAY CONTAIN PERSONALLY IDENTIFIABLE INFORMATION],JAGUAR, ,I-PACE, ,2024, ,c44ff41bddd0e5d,,"5th Generation ADS, Version 10", ,ADS,Verified Engaged,Waymo LLC, , ,Y, , , , , , , , , ,NOV-2025, ,07:34, ,0de678124c2f3b5,[MAY CONTAIN PERSONALLY IDENTIFIABLE INFORMATION], ,[MAY CONTAIN PERSONALLY IDENTIFIABLE INFORMATION], ,[MAY CONTAIN PERSONALLY IDENTIFIABLE INFORMATION], ,Los Angeles, ,CA,[MAY CONTAIN PERSONALLY IDENTIFIABLE INFORMATION], ,Street, , ,Y, , , , , , , ,Y, , ,Y, , , , , ,Heavy Truck,Property Damage. No Injured Reported,Passing, , , ,Y, , , , , , , ,Stopped,"No Subject Vehicle, No Crash Partner","Yes Subject Vehicle, No Crash Partner",Subject Vehicle - No Passenger In Vehicle,0, , , , , , ,Y, , , , , , , ,Y, ,Y, , , ,, ,Yes, ,"On November 14, 2025 at 7:34 AM PT a Waymo Autonomous Vehicle (""Waymo AV"") operating in Los Angeles, California was in a collision involving a heavy truck on Johnny Grant Way near Orchid Avenue. 
The Waymo AV was traveling northbound after making a left turn into a narrow portion of Johnny Grant Way when it slowed to a stop to yield to a heavy truck that was traveling southbound and completing a left turn. The heavy truck continued to maneuver forward to complete the left turn and began making a right turn to continue on Johnny Grant Way. As the heavy truck passed the Waymo AV, the rear left side of the heavy truck trailer made contact with the front left side of the stationary Waymo AV. At the time of the impact, the Waymo AV's Level 4 ADS was engaged in autonomous mode.The Waymo AV sustained damage.

Waymo is reporting this crash under Request No. 1 of Standing General Order 2021-01 because a vehicle involved was towed away. Waymo may supplement or correct its reporting with additional information as it may become available.", ,,,,,,,post_june16
30270-13128,1,Waymo LLC,5-Day,,,NOV-2025,SADHW2S10R1,Y,[MAY CONTAIN PERSONALLY IDENTIFIABLE INFORMATION],JAGUAR, ,I-PACE, ,2024, ,b6e31bec9d67330,,"5th Generation ADS, Version 10", ,ADS,Verified Engaged,Waymo LLC, , ,Y, , , , , , , , , ,NOV-2025, ,01:59, ,50423c969f57fbe,[MAY CONTAIN PERSONALLY IDENTIFIABLE INFORMATION], ,[MAY CONTAIN PERSONALLY IDENTIFIABLE INFORMATION], ,[MAY CONTAIN PERSONALLY IDENTIFIABLE INFORMATION], ,San Francisco, ,CA,[MAY CONTAIN PERSONALLY IDENTIFIABLE INFORMATION], ,Street, , ,Y, , , , , ,Y, , , , , , , , , , ,Passenger Car,Property Damage. No Injured Reported,Proceeding Straight, , , , , , , , ,Y, , ,Parked,"No Subject Vehicle, No Crash Partner","Yes Subject Vehicle, No Crash Partner",Subject Vehicle - No Passenger In Vehicle,0, , , , , , , ,Y, , , , , , ,Y, ,Y, , , ,, ,Yes, ,"On November 15, 2025 at 1:59 AM PT a Waymo Autonomous Vehicle (""Waymo AV"") operating in San Francisco, California was in a collision involving a passenger car on Castro Street near 18th Street.
The Waymo AV was parked in-lane facing south on Castro Street for a passenger pick-up with hazard lights activated. While the Waymo AV was parked, a passenger car that was initially stopped facing south directly behind the Waymo AV approached the Waymo AV from behind and the front of the passenger car made contact with the rear of the stationary Waymo AV. At the time of the impact, the Waymo AV's Level 4 ADS was engaged in autonomous mode. Both vehicles sustained damage.

Waymo is reporting this crash under Request No. 1 of Standing General Order 2021-01 because a vehicle involved was towed away. Waymo may supplement or correct its reporting with additional information as it may become available.", ,,,,,,,post_june16
30270-13129,1,Waymo LLC,Monthly,11.0,2025.0,DEC-2025,SADHW2S11R1,Y,[MAY CONTAIN PERSONALLY IDENTIFIABLE INFORMATION],JAGUAR, ,I-PACE, ,2024, ,0ba11a1b60dcc37,,"5th Generation ADS, Version 10", ,ADS,Verified Engaged,Waymo LLC, , ,Y, , , , , , , , , ,NOV-2025, ,01:43, ,b1e228f313db6c5,[MAY CONTAIN PERSONALLY IDENTIFIABLE INFORMATION], ,[MAY CONTAIN PERSONALLY IDENTIFIABLE INFORMATION], ,[MAY CONTAIN PERSONALLY IDENTIFIABLE INFORMATION], ,Los Angeles, ,CA,[MAY CONTAIN PERSONALLY IDENTIFIABLE INFORMATION], ,Intersection, , ,Y, , , , , , , , , , ,Y, , , , , ,Passenger Car,Property Damage. No Injured Reported,Proceeding Straight, , , , , , , , ,Y, , ,Stopped,"No Subject Vehicle, No Crash Partner","No Subject Vehicle, No Crash Partner",Subject Vehicle - All Belted,0, , , , , , , ,Y, , , , , , ,Y, ,Y, , , ,, ,Yes, ,"On November 15, 2025 at 1:43 AM PT a Waymo Autonomous Vehicle (""Waymo AV"") operating in Los Angeles, California was in a collision involving a passenger car on Venice Boulevard at Broadway.
The Waymo AV was traveling northwestbound on Venice Boulevard in the left lane when it slowed to a stop for a red light at the intersection with Broadway. While the Waymo AV was stopped, a passenger car traveling northwestbound on Venice Boulevard approached the Waymo AV from behind, and the front of the passenger car made contact with the rear of the stationary Waymo AV. At the time of the impact, the Waymo AV's Level 4 ADS was engaged in autonomous mode. Both vehicles sustained damage.

Waymo is reporting this crash under Request No. 2 of Standing General Order 2021-01. Waymo may supplement or correct its reporting with additional information as it may become available.", ,,,,,,,post_june16
30270-13130,1,Waymo LLC,5-Day,,,NOV-2025,SADHW2S14R1,Y,[MAY CONTAIN PERSONALLY IDENTIFIABLE INFORMATION],JAGUAR, ,I-PACE, ,2024, ,1fc36c5073992f4,,"5th Generation ADS, Version 10", ,ADS,Verified Engaged,Waymo LLC, , ,Y, , , , , , , , , ,NOV-2025, ,02:51, ,d7d97ff4b2b411a,[MAY CONTAIN PERSONALLY IDENTIFIABLE INFORMATION], ,[MAY CONTAIN PERSONALLY IDENTIFIABLE INFORMATION], ,[MAY CONTAIN PERSONALLY IDENTIFIABLE INFORMATION], ,Los Angeles, ,CA,[MAY CONTAIN PERSONALLY IDENTIFIABLE INFORMATION], ,Intersection, , ,Y, , , , , , , , , , ,Y, , , , , ,Passenger Car,Property Damage. No Injured Reported,Stopped, , , , , , , , ,Y, , ,Stopped,"No Subject Vehicle, No Crash Partner","Yes Crash Partner, No Subject Vehicle",Subject Vehicle - Not Belted - see Narrative,0, , , , , , , ,Y, , , , , , ,Y, ,Y, , , ,, ,Yes, ,"On November 15, 2025 at 2:51 AM PT a Waymo Autonomous Vehicle (""Waymo AV"") operating in Los Angeles, California was in a collision involving a passenger car on S. Alvarado Street at 6th Street. 
The Waymo AV was stopped facing southwest in the left lane on S. Alvarado Street for a red light at the intersection with 6th Street and a passenger car was stopped facing southwest directly behind the Waymo AV. While the Waymo AV and the passenger car remained stopped, an SUV traveling southwestbound on S. Alvarado Street in the left lane approached the passenger car from behind and the front of the SUV made contact with the rear of the stationary passenger car. The front of the passenger car then made contact with the rear of the stationary Waymo AV. At the time of the impact, the Waymo AV's Level 4 ADS was engaged in autonomous mode. The Waymo AV, the passenger car, and the SUV sustained damage. A passenger in the Waymo AV was not belted at the time of the collision.

Waymo is reporting this crash under Request No. 1 of Standing General Order 2021-01 because a vehicle involved was towed away. Waymo may supplement or correct its reporting with additional information as it may become available.", ,,,,,,,post_june16